WeiboID,正文,日期,点赞数,评论数,转发数,话题,Time
宝玉xp,转自 𝕀𝕀𝕀𝕟𝕠𝕜𝕚🎓（twitter.com/IIInoki）：这篇 post 从 LLM 中类 GPT 模型的参数规模、复杂度、以及设备的浮点数算力和带宽角度，分析了 LLaMa.cpp 是如何让 LLaMa 在 Pixel 5、MBP 甚至树莓派 4 上运行成为可能的：网页链接推文：twitter.com/IIInoki/status/1691727794751897761,2023-08-17,18,3,21,,2023-08-17 07:37:37
宝玉xp,吴恩达老师和Cohere合作的新课：《大语言模型与语义搜索》主要内容：(i) 使用嵌入技术按照相关性检索文档；(ii) 借助LLM根据问题相关性对结果排序最后会有一个完整的案例将学习到的内容串起来，构建一个搜索系统检索维基百科文章。课程地址：网页链接 宝玉xp的微博视频 ,2023-08-17,40,0,37,,2023-08-17 05:56:16
宝玉xp,经常看台湾的朋友说XD，一直不知道啥意思，今天才知道原来是表情符号😆 ,2023-08-17,22,8,5,,2023-08-17 05:07:45
宝玉xp,比尔·盖茨和可汗学院创始人萨尔曼·可汗在盖茨新的播客节目《Unconfuse Me | 为我解惑》的完整对话视频。主要话题是围绕人工智能和教育，以及如何利用技术去更好的帮助老师和学生，推动教育的发展。一些独立片段：- 人工智能、教育和工作方面会发生什么？ 网页链接- 有哪些教师真正触动了你，影响了你呢？网页链接-如果你有一个魔法愿望，可以在不学习的情况下精通一门学科，你会选择哪一个？ 网页链接- 人工智能和可汗学院如果应用人工智能 网页链接- 关于可汗学院 网页链接- 老师在教育中的重要性，以及如何利用技术更好的帮助老师们 网页链接 宝玉xp的微博视频,2023-08-17,55,0,48,,2023-08-17 04:00:17
宝玉xp,转自歸藏（twitter.com/op7418）推文：Open AI全资收购了Global Illumination，这个团队参与过Instagram 和 Facebook早期产品的开发，同时他们最近主要的工作内容是Biomes一款基于网络的开源MMORPG游戏类似于我的世界但是是可以通过浏览器运行的。从做过的事情来看他们的产品能力是Open AI非常需要的，但是结合前几天的斯坦福AI小镇来看这种高自由都运行成本低的沙盒游戏结合AI会有无限可能，所以OpenAI可能是看重了他们成员的产品能力，也可能纯粹的看上了这个高自由度的游戏。下面是他们这个游戏的预告片。twitter.com/op7418/status/1691865962499514505OpenAI官方链接：网页链接 宝玉xp的微博视频,2023-08-17,13,1,8,,2023-08-17 03:14:43
宝玉xp,OpenAI官方openai的npm包更新了- 聊天和完成的流媒体回复- 精心制作的TypeScript类型-支持ESM、Vercel Edge功能、Cloudflare worker和Deno- 更好的文件上传API，用于Whisper、微调文件和DALL·E图像-通过自动重试和错误类改进了错误处理-通过TCP连接重用提高性能- 更简单的初始化逻辑 ,2023-08-17,21,2,11,,2023-08-17 03:12:25
宝玉xp,比尔·盖茨和可汗学院创始人萨尔曼·可汗最近在播客《Unconfuse Me》的一次对话节选。这段对话主要聊了老师在教育中的重要性，以及如何利用技术更好的帮助老师们。教师这个职业非常重要，就像乐队的指挥，指挥确保乐队协同合作，确保一切都协调一致，将混乱变成有序。但教师这个职业又很难，不完全是薪酬的问题，是一个很孤独的职业，在教室里，孩子们并不总会专心听讲，不听从老师的指令，这非常耗费精力。另一方面，当引入新技术到课堂的时候，如果处理的不好，老师们会觉得是在贬低他们的创造力或者限制他们的自由，是在暗示他们做不到做不好。所以技术上，首先要确保每个人都明白教师是其中的关键角色，然后能借助AI模型，为每个学生配一个AI导师，为每个老师配若干AI助教，AI助教可以帮助老师组织教学活动。未来课堂，理想的教育方式是：大部分时间让学生自己去主导学习，而老师是这一切的策划者，就像乐队指挥一样，指导整个过程。www.youtube.com/watch?v=XNOD4i_w2GA&list=PLxf-CDjxvNVofjauP3Lue0fOKWSWHQu82&index=6 宝玉xp的微博视频,2023-08-17,27,0,13,,2023-08-17 01:04:20
宝玉xp,ChromeDevTools现在可以覆盖 Fetch/XHR 请求的内容！非常适合模拟 API，无需等待后台更改！更多内容请访问 Chrome 浏览器 117：网页链接 宝玉xp的微博视频 ,2023-08-16,67,4,45,,2023-08-16 23:36:38
宝玉xp,比尔·盖茨和可汗学院创始人萨尔曼·可汗最近在播客《Unconfuse Me》的一次对话节选。这段对话盖茨和可汗主要聊了可汗学院。可汗学院现在在全世界有1.4亿用户，他们的使命是让所有人享有免费的世界一流教育。可汗大学上的是商学院，毕业后在波士顿的对冲基金担任分析师，后来辅导12岁的表妹，让她从差生变成了优等生，接着又辅导她表妹的堂兄，由于效果好又免费，很快就在家族传开了，于是不知不觉教了十几个堂兄弟姐妹。最后就干脆把视频传到了网上。可汗学院在2009年就有10W用户了，可汗决定全职投入，将它建立为一个非营利的、免费的、任何人任何地方都可以访问的世界级在线教育学院。非常了不起！可汗学院的一大愿景就是无障碍访问，他们制作视频，任何人在任何地点都可以访问到。并且用户可以按照自己的节奏学习。比如某个知识点你只掌握了70、80%，那么可以不着急进入下一个知识点，直到完全掌握为止。可汗特别提到学习的时候，如果你基础打好，后面就会很简单，否则不管你多聪明多努力，都会很难。可汗提到的另一点就是学生在学习中的参与度问题，如果学生每周能参与30~60分钟，这已经是相当低的参与度了，但是仍然能比预期的成长增长20、30%。而可汗学院则是有效的提升学生参与度的工具，不仅对于那些10%-15%有上进心的拔尖的学生，对于那些基础差的学生同样有效，能吸引他们参与，打好基础。10-20年前，在美国大部分学区电脑很少，而现在基本上每个学区都是人手一部电脑了，这样可汗学院就可以进一步在各个学区普及。另外可汗学院还有一个重要的理念就是：“让教师获得即时反馈，绝不拖到最后”，这极大的改变了传统的教育模式，只有在单元结束后，借助单元测验才能得到反馈，而现在学生可以实时了解自己的学习情况，老师也可以通过可汗学院的教师账号，了解每个学生的学习进度，学习结果，从而给学生针对性的反馈。顺便说一下，我家孩子从小学就开始用可汗学院，受益良多，教学视频质量相当高，如可汗所言，孩子在学习过程中可以收到及时的反馈，可以清楚的知道知识点是不是掌握了，这样可以打好坚实的基础。感谢可汗为教育做出的努力和改变，值得尊敬的人物！www.youtube.com/watch?v=HserP2tC6Ag&list=PLxf-CDjxvNVofjauP3Lue0fOKWSWHQu82&index=5 宝玉xp的微博视频,2023-08-16,98,7,111,,2023-08-16 14:38:57
宝玉xp,推荐阅读《大模型赛道的技术和应用分析》网页链接 ,2023-08-16,51,3,61,,2023-08-16 10:44:03
宝玉xp,比尔·盖茨和可汗学院创始人萨尔曼·可汗最近在播客《Unconfuse Me》的一次对话节选。这段对话盖茨和可汗聊了人工智能。盖茨说去年9月初第一次看到 OpenAI 给他们演示 GPT-4 的时候，是他一生中见过的最震撼的一次演示，就像当年他第一次看到施乐 PARC 图形用户界面一样，在看到施乐的图形界面的那一次，为微软之后十五年的规划指明了方向。之所以可汗学院能在去年就和OpenAI合作，使用GPT-4开发了Khanmigo。一方面是因为OpenAI希望用到可汗学院的生物AP考试（Advanced Placement，先修课程）题库，另一方面的原因是盖茨极力向OpenAI推荐了可汗学院。最开始可汗是拒绝的，因为他不知道能给可汗学院带来什么好处，直到他看到了OpenAI给他们的演示，ChatGPT那时候能回答生物学的AP问题，不仅如此，它还能解释为什么其他答案不对，并且还能生成新的类似的问题。在刚开始拿到GPT-4的内部访问权限后，可汗都没睡好觉，然后他在内部举行了一次黑客马拉松，一共有40左右的人签署了保密协议，尝试着基于GPT-4产生各种各样的点子，解决它存在的各种问题：比如数学不好、可能引入偏见、怎么保证安全性等等。到了去年十二月和今年一月，可汗学院的团队快速开发迭代，很快推出了他们基于GPT-4的教育类AI应用Khanmigo，收到了很好的反馈。另外他也透露了Khanmigo的小秘密，也就是让它在充当助教时，当学生提交答案，不要给学生答案，而是先形成自己的解决方案，并且不直接返回解决方案，而是将AI的解决方案和学生答案对比，再告诉学生的法案中可能存在的问题。如果你对具体实现细节有兴趣，可以参考我以前写过的微博：网页链接最后，盖茨把ChatGPT在给出错误答案被指正后认错的方式，类比为小孩子找借口说：“作业被狗吃了”，非常有趣的比喻😄www.youtube.com/watch?v=42GDCHI7Okg&list=PLxf-CDjxvNVofjauP3Lue0fOKWSWHQu82&index=6 宝玉xp的微博视频,2023-08-16,56,2,61,,2023-08-16 08:03:54
宝玉xp,"著名投资机构a16z把斯坦福25个AI小人虚拟小镇重写了，并且代码开源了。新的技术栈相对前端友好，NextJS + Tailwind完整技术栈：游戏引擎和数据库Game engine & Database: Convex向量数据库VectorDB: Pinecone登录认证Auth: Clerk文字生成模型Text model: OpenAIDeployment: Fly像素图生成Pixel Art Generation: Replicate, Fal.ai项目地址：github.com/a16z-infra/ai-town演示地址：网页链接",2023-08-16,262,24,242,,2023-08-16 03:42:39
宝玉xp,价值 9 万美元、重 104 磅的人形机器人 Unitree H1。首款通用仿人机器人|嵌入式人工智能，售价低于9万美元半年成果预告全球同类产品中动力性能最高的机器人，重约 47Kg，最大关节扭矩 360N.mtwitter.com/UnitreeRobotics/status/1691426884121427968 宝玉xp的微博视频 ,2023-08-16,26,6,33,,2023-08-16 01:57:30
36氪,【#暑期档电影票房已超173亿元#，你觉得哪部暑期档电影最好看？】据人民日报报道，国家电影局数据显示，截至8月15日，2023年暑期档电影票房已超173亿元，国产影片占比高达85.85%，中国电影市场已经连续56天破亿元。《消失的她》《孤注一掷》《封神第一部：朝歌风云》《八角笼中》等4部影片票房超过20亿元。长安三万里票房突破17亿元，位列中国影史动画电影票房第二名。#哪部暑期档电影最好看#  网页链接,2023-08-17,84,3,2,"暑期档电影票房已超173亿元,哪部暑期档电影最好看",2023-08-17 09:35:37
36氪,【#大疆内部秘密研发Ebike#，代号EB】#大疆瞄准海外高端市场#近日，36氪从多个信源处独家获悉，「大疆创新」即将进入Ebike行业，内部立项代号为EB开头。该项目尚在保密阶段，项目负责人为高级工程师Alex.Jia，此前做过稳定器云台电机，曾负责大疆如影产品线。据36氪多方了解， 大疆Ebike项目可以追溯到疫情前。当时Ebike赛道还未火热，大疆已经为Ebike立项。而大疆Ebike将定位高端车型，运动越野场景，主攻海外市场，目前已在自研Ebike系统。36氪就此事向大疆创新官方求证，大疆表示不予置评。Ebike是一个仍在上升期的市场。传统电动车上市公司如雅迪、新日都推出了Ebike产品。在海外，保时捷也推出过单价高达1万美金的Ebike。目前，根据36氪了解，几家头部创业公司的出货量虽仅万台规模，但估值不菲。从出货端来看，Ebike争夺的是欧洲自行车存量市场以及美国增量市场。大疆定位高端，显然不希望在利润较低的中低端市场无效缠斗。,2023-08-17,14,2,1,"大疆内部秘密研发Ebike,大疆瞄准海外高端市场",2023-08-17 09:10:47
36氪,【#氪物库#｜可以随身携带的安全座椅】什么样的儿童安全座椅又简单又安全？充气式儿童座椅：Luftikid，充好气直接放在孩子身上，保证孩子的双腿在气囊的凹陷中，后背靠在背部气囊中心，最后系上安全带即可。能有效保护车祸时来自前后的冲击。孩子面前凸起的气囊还可以提供支撑作用。长途旅行看书，或者趴下休息都很方便。以后带孩子坐车可以随身携带，坐出租车也可以用上了。（科技view）科技view的微博视频,2023-08-17,6,1,1,氪物库,2023-08-17 08:00:00
36氪,【#分享氪#｜厌烦了自己的生活怎么办？】我有自己的生活，你也有自己的生活，我们的生活关乎自己的一切，我们过去的家庭，现在的家庭，目前的工作，希望拥有的工作，对未来的希望和梦想，以及过去的创伤和遗憾。如果我们不喜欢这一切，对过去所做或未做的事情感到极度的后悔，担心未来的不确定，更不喜欢现在没用的自己，怎样做出改变？（yourone精选）Yourone精选的微博视频,2023-08-17,7,0,8,分享氪,2023-08-17 07:00:00
36氪,【金龙鱼股价跌超10%创新低，吓坏16万股东】再过一个多月，就是郭鹤年100岁的生日了。 这位祖籍福建福州的马来西亚首富，做了70多年的生意。从米、面、糖业开始，进入其他行业，一手打造了众多标志性“产品”，如香格里拉大酒店、嘉里中心写字楼、北京国贸中心…… 郭氏家族的商业版图，横跨多个国家和地区。当然，这其中就包括占据中国市场最大份额的粮油品牌——金龙鱼。 金龙鱼一直由郭鹤年的侄子郭孔丰（新加坡籍）打理。作为金龙鱼的董事长，郭孔丰也已经74岁了。而作为郭氏家族商业版图中十分重要的一块业务，金龙鱼这两年的业绩，却在持续下降。 股价更是惨烈。8月14日，金龙鱼股价跌超10%，创下上市以来的新低。从2021年年初的高点，到2023年8月15日收盘，金龙鱼总市值已经没了5900亿元。 #氪君领读#1、金龙鱼有点“游不动了”2、一门“赚辛苦钱”的生意3、“巨无霸”如何炼成详情请阅读：网页链接 本文来自“市界”，作者：让商业更具价值。,2023-08-17,15,1,7,氪君领读,2023-08-17 01:00:00
36氪,【#分享氪#｜超3亿人死亡，史上最致命的病毒——天花】天花，是人类史上最严重的传染病之一。它从公元前1000年就入侵人类社会，先后数次大流行中，夺走了超过3亿的生命。即使感染后幸存，也有1/3的几率永久失明。为什么天花病毒有如此强的传染和杀伤力？原因在于它的一项“绝活”——感染你的免疫系统。著名科普频道“简而言之”在这支视频中，详细剖析了天花病毒感染后，造成的一系列破坏。以及人类是如何最终消灭它的。视频质量非常优秀，值得一看。(YouTube: Kurzgesagt) @YouTube精选YouTube精选的微博视频,2023-08-17,11,0,8,分享氪,2023-08-17 00:30:00
36氪,【新一轮的「价格战」由Model 3打响】8月14日，特斯拉对Model 3/Y进行了价格调整，调整详情如下：Model 3后驱版：提供限时8000元保险补贴；Model Y长续航版：起售价从31.39万下调至29.99万元；Model Y高性能版：起售价从36.39万下调至34.99万元（两款Model Y价格下调幅度触达1.4万元）。马斯克曾经向外界透露过，特斯拉内部存在着特别的价格模型。模型会结合地区的销量、成本等因素进行灵活的定价调整，帮助特斯拉更好地适应市场的需求变化。不出意外，本次 Model Y 降价的背后离不开价格模型的「发力」，折射到近期的市场表现上，特斯拉的销量压力的确不小。#氪君领读#1、产品老旧，市场困倦情绪明显2、营收降本，两手都要抓3、由外至内，最极致的「降本」详情请阅读：网页链接 本文来自“董车会”，作者：邓泽锋。,2023-08-17,3,0,3,氪君领读,2023-08-17 00:00:00
36氪,#深夜告解室#你面试的时候有遇到过听不懂的问题吗？#去面试连对方的问题都听不太懂了# ,2023-08-16,2,2,0,"深夜告解室,去面试连对方的问题都听不太懂了",2023-08-16 23:30:00
36氪,【#氪星播报#｜8月16日晚间都有哪些#今日大事件#？】Top3大新闻1、#网红铁头称下个目标是衡水中学#，还会带两个保镖一同前往2、#豆瓣网友发声明向林俊杰致歉#，因侵权被强执3、#Stocktrek已通知视觉中国下架戴建峰作品#，Getty平台也将同步下架科技财经互联网热点1、#律师谈视觉中国和摄影师争议是不是误会#：授权链条中有许多细节需要查明2、#90后在直播间买翡翠手镯#，翡翠消费逐渐年轻化3、#李嘉诚家族内地加速卖楼#，此前7折抛售香港楼盘4、#富士康或已开始在印度生产iPhone15#，以缩小与中国大陆制造基地的差距还有哪些其他要闻1、#疑被贩卖缅北女大学生发声# ：目前在昆明安全，此前身份信息被盗用2、#姑姑回应11岁女孩农村土房前自信跳舞#：希望舞蹈能够伴她一生3、国家疾控局发布#洪灾后不同场所消毒要点#，做好村落和场所环境卫生处置4、#17岁男孩街边痛哭民警自黑式安慰#，最终解开心结5、#环卫工清理垃圾男子送百余个空瓶表感谢#，网友：#给瓶子和收瓶子的都很开心#6、#敬老院长大的少年考上大学了#，院长：这里永远是你温暖的家7、小学门口的记忆，#有人记得这种奶茶吗# 8、#山东将全面落实带薪休假制度#，鼓励错峰休假弹性作息促进假日消费9、#卢伟冰 建议把精力都花在正经事上#，疑似暗讽一加,2023-08-16,1,3,1,"氪星播报,今日大事件,网红铁头称下个目标是衡水中学,豆瓣网友发声明向林俊杰致歉,Stocktrek已通知视觉中国下架戴建峰作品,律师谈视觉中国和摄影师争议是不是误会,90后在直播间买翡翠手镯,李嘉诚家族内地加速卖楼,富士康或已开始在印度生产iPhone15,疑被贩卖缅北女大学生发声,姑姑回应11岁女孩农村土房前自信跳舞,洪灾后不同场所消毒要点,17岁男孩街边痛哭民警自黑式安慰,环卫工清理垃圾男子送百余个空瓶表感谢,给瓶子和收瓶子的都很开心,敬老院长大的少年考上大学了,有人记得这种奶茶吗,山东将全面落实带薪休假制度,卢伟冰 建议把精力都花在正经事上",2023-08-16 23:00:00
36氪,【#36氪深度#｜钉钉独立，中国最大企业软件独角兽有了新故事】8月14日，钉钉总裁叶军在内部宣布，钉钉将从阿里云中独立，回归集团，此后业务将独立发展。人事调动随之而来。去年从阿里云IoT事业部调任钉钉COO的库伟，将回到阿里云就职，向CEO张勇汇报。这是阿里“分家”的最新进展。今年3月，阿里集团董事长张勇宣布启动“1+6+N”改革。以往由集团率领的各个业务线，未来都要开始“自力更生”。首批有独立上市计划的公司，就包括阿里云、菜鸟和盒马。经济动荡、降本增效之际，企业服务市场更需要审慎的发展战略。阿里云要上市，钉钉要更大发展空间，“云钉”分家能让两者松绑，激发各自的生存斗志。而两者的分分合合，更是中国To B市场数年间变化的缩影。详情请阅读： 钉钉独立，中国最大企业软件独角兽有了新故事 | 焦点分析,2023-08-16,7,1,4,36氪深度,2023-08-16 22:30:04
36氪,【#李嘉诚家族内地加速卖楼#，此前7折抛售香港楼盘】据时代财经报道，8月初，“李嘉诚香港七折卖楼”引起热议。在内地，长实集团旗下位于北京的豪宅项目也将迎来入市。“御翠园终于下证了，9万多，比之前吹风价低很多。”8月，不少北京中介开始在各个渠道推介御翠园项目及带看样板房。赵立在今年8月初前往御翠园售楼处，他告诉@时代财经 ，项目看房不需要验资，直接预约就可以前往看房。据赵立了解，看房当天售楼处除了有购房者，还有大批房产中介，这意味着御翠园开售即开放了中介渠道，“估计开发商也是想快点卖掉，平层的楼栋肉眼看已经快封顶了，销售说明年底就可以收房。”从调低定价、取消验资以及开售即开放渠道，不难看出开发商正在逐步降低购房者门槛、加速去化。而这也是李嘉诚家族如今应对市况下行时的售楼手段。,2023-08-16,7,4,4,李嘉诚家族内地加速卖楼,2023-08-16 21:00:00
36氪,【#羊了个羊背后公司又清仓式分红#，赚6.76亿分红5亿】据老板联播报道，8月15日，吉比特披露半年度利润分配方案，合计拟派发现金红利达5.04亿元，将占上半年净利润74.6%，实控人卢竑岩将获得近1.5亿元。此前，游戏上市公司吉比特披露2022年三季报，前三季度公司实现营业收入38.3亿元，同比增长9.89%；净利润10.12亿元，同比下降16.07%。财报也同步披露了分红方案，公司拟每10股派发现金红利140元（含税），合计拟派发红利10.06亿元。这意味着，吉比特将前三季度的净利润全部拿来分红，该公司正是此前爆火的小游戏“羊了个羊”背后的参股公司。爱企查APP显示，《羊了个羊》背后的游戏开发公司为北京简游科技有限公司，而这家公司的第二大股东厦门雷霆网络科技股份有限公司，也是吉比特旗下的子公司。此前，吉比特曾因游戏《羊了个羊》股价大涨，其通过控股子公司间接持有游戏研发商20%股权。,2023-08-16,10,1,0,羊了个羊背后公司又清仓式分红,2023-08-16 20:30:00
36氪,"【#时代少年团演唱会取消会员退费难#，公司无人处理】据黑猫投诉报道，近期不少消费者向黑猫平台反映：时代峰峻要求购买时代少年团粉丝俱乐部高级会员，才能获得青岛站演唱会的特权购票资格。许多消费者刚充值完298元的高级会员费后，8月12日时代峰峻发公告称：演唱会临时取消，延期举行。消费者要求取消会员退款，时代峰峻无人处理。目前时代峰峻在黑猫平台投诉量高达1,758条，回复率几乎为零。据悉，该场演唱会原定于8月19日、20日开唱，于8月11日下午18时开启抢票。为了方便粉丝购票，时代少年团的粉丝俱乐部官微此前还特意发布了会员购票特权码攻略。没想到最后在距离开票前一小时宣布取消，引发粉丝不满，时代少年团八家粉丝后援会联合发布维权声明指出，“八家后援会第一时间尝试与公司进行有效沟通，但并未得到回应。后来又得知目前暑假并无演唱会计划。多次沟通无果后，八家后援会经过慎重考虑，决定共同开展后续维权工作。希望与粉丝一起维护自己的合法权益。”",2023-08-16,11,3,1,时代少年团演唱会取消会员退费难,2023-08-16 20:00:00
36氪,【#网红铁头称下个目标是衡水中学#，还会带两个保镖一同前往】据河畔视频报道，近日，继杭州新东方全面停课之后，网红“铁头惩恶扬善”在直播中称，下一个目标将是河北衡水中学，“衡水中学是嘴硬的骨头，打掉可以扬名立万。”他还表示自己会带两个保镖一同前往。据澎湃新闻报道，从8月4日起，“铁头”就在社交媒体上发布了一系列拍摄新东方开展暑期补课，并将其举报至杭州市拱墅区教育局的短视频。杭州新东方客服8月11日表示，杭州新东方已全面停课，恢复时间待定。据浙江省政府网站“浙江省民呼我为统一平台”8月14日消息，杭州网民留言，要求“还新东方公道，恢复高中生补课”。对此，杭州市教育局答复称，中共中央办公厅国务院办公厅印发的《关于进一步减轻义务教育阶段学生作业负担和校外培训负担的意见》，明确规定校外培训机构不得占用国家法定节假日、休息日及寒暑假期组织学科类培训；同时，对面向普通高中学生的学科类培训机构的管理，明确规定参照本意见有关规定执行。另据上游新闻报道，“铁头”打假三亚海鲜、举报杭州新东方违规补课走红后，8月14日晚在某短视频平台直播间为新疆农产品带货，结果被围观的网友疯狂嘲讽，直播最终草草结束。多个商家表示，没想到会出现这种情况，有客服被骂哭了，以后不会再和“铁头”合作。邀请“铁头”带货助农的吐鲁番市某电子商务公司则表示，开始以为“铁头”名气大，能够帮助提升销售，没想到网友们不买账，接下来不会继续合作。,2023-08-16,46,11,3,网红铁头称下个目标是衡水中学,2023-08-16 19:30:00
36氪,【#豆瓣网友发声明向林俊杰致歉#，因侵权被强执】据财经网报道，近日，法院刊登段某某向林俊杰致歉的声明。声明称，段某某在豆瓣账号中未经核实擅自发布了1篇涉及林俊杰的不实文章，帖子内容恶意捏造、诽谤、传播了关于林俊杰的不实负面传闻，对林俊杰的名誉造成了极其恶劣的影响。经法院判决书认定，案涉侵权帖子侵犯林俊杰的名誉权，段某某在此向林俊杰致歉，并承诺今后不会再有任何侵犯林俊杰先生名誉权的行为。关联案件流程信息显示，段某某因该案先后被强制执行500元和8000元。此前，法院刊登上海名望眼镜有限公司向LIMJUNJIE WAYNE（中文名：林俊杰）致歉公告显示，该公司未经林俊杰的授权，擅自在公司生产、销售的眼镜产品上使用林俊杰的肖像，侵犯其肖像权，对此向林俊杰致歉，并承诺提高法律意识，避免再次出现类似的侵权行为。案件流程显示，该公司此前已因此人格权案被强制执行10万元，被限制高消费并列为失信被执行人（老赖）。,2023-08-16,3,1,2,豆瓣网友发声明向林俊杰致歉,2023-08-16 19:00:01
36氪,【#贾跃亭称FF品牌产品永远不会低于50万元#，目标基本上都是塔尖的用户】据IT之家报道，8月16日，洛杉矶时间2023年8月13日，法拉第未来（Faraday Future，简称FF）正式完成历史性首辆“全能 aiHypercar”FF 91 2.0 Futurist Alliance首个塔尖用户交付，距离FF创立已经过去整整9年时间，这也是FF首次进入营收阶段并正式进入完整经营闭环阶段的历史性的重大拐点。36氪的微博视频,2023-08-16,6,7,3,贾跃亭称FF品牌产品永远不会低于50万元,2023-08-16 18:50:01
36氪,【#钉钉个人版没有打卡已读功能#，AI服务限时免费】据财经网报道，近期，钉钉开启了个人版内测，用户可公开申请体验。申请通过后，用户可抢先体验各类AI服务，目前文生文、文生图、角色化对话以及AI创作等服务均限时免费。据悉，钉钉个人版，主要面向小团队、个人用户、高校大学生等人群，旨在探索每个个体、每个团队的数字生产力工具，让智能化变革普惠每一个个体，AI人人可用。钉钉个人版相较于此前标准版，主要的改变在于剔除了如打卡、报销、邮箱等企业功能，新加入了文档、AI、云盘、会议功能，其中最重要的AI功能，当前支持“文生文”、“文生图”，应用内有大量指令模板，基本满足大部分用户的需求。用户可通过自然语言对话，解答各种问题、制定策划方案或者绘画。相关内部人士表示，钉钉推出个人版，主要针对超百万名无企业归属的个人用户，移除了大部分企业功能，更强调个人效率最大化。,2023-08-16,4,4,0,钉钉个人版没有打卡已读功能,2023-08-16 18:30:00
36氪,【#Stocktrek回应摄影师戴建峰被告侵权#，与Getty平台都已通知视觉中国下架其作品】据沸点视频报道，在8月16日上午，摄影师戴建峰本人发文再回应表示：已与Stocktrek进行核实，视觉中国无权销售其作品，也没有其作品的任何版权。Getty也无权将他的作品再次转授， 并要求视觉中国立即停止侵权。另据华龙网消息，Stocktrek公司表示已通知视觉中国网站删除戴建峰的相关作品，Getty平台也将与视觉中国联系下架戴建峰的作品。,2023-08-16,11,1,6,Stocktrek回应摄影师戴建峰被告侵权,2023-08-16 17:44:17
36氪,【#传统电视观看时间低于总时间的50%#：传统的广播电视和有线电视正在失去观众的青睐】#为什么没人看有线电视了#据IT之家消息，据美国尼尔森公司（Nielsen）的最新报告，线性电视的观看时间已经低于所有电视使用时间的50%。这意味着传统的广播电视和有线电视正在失去观众的青睐，而YouTube、TikTok和流媒体等新兴视频平台正在崛起。报告显示，有线电视的观看时间较去年同期下降了12.5%，仅占观众时间的不到三分之一。与此同时，流媒体创下了历史新高，以YouTube和Netflix为首的视频平台占据了近乎广播电视一半的观看时间。36氪的微博视频,2023-08-16,1,1,1,"传统电视观看时间低于总时间的50%,为什么没人看有线电视了",2023-08-16 17:16:01
36氪,【#氪星播报#｜8月16日午间都有哪些#今日大事件#？】Top3大新闻1、#多家公司吐槽LOGO变成视觉中国版权图#，已多次陷入图片版权争议2、#海底捞洗头发或全国推广#，网友表示十分期待3、#中国科学家首次在人内心深处发现微塑料#，微塑料几乎无处不在科技财经互联网热点1、#羊了个羊背后公司赚6.76亿分红5亿#，实施清仓式分红2、#贾跃亭称FF品牌产品永远不会低于50万元#，目标基本上都是塔尖的用户3、#宁德时代发布全球首款磷酸铁锂4C超充电池#，快速充电持续供能4、#北京设立100亿元规模机器人产业基金#，支持机器人企业融资上市5、#恒大地产再被强执17亿# ，累计被执行超453亿还有哪些其他要闻1、#云南22岁失联女孩否认被拐卖# ，本人称只是身份信息被盗用2、#恒大回应许家印离婚传闻#：不清楚，没有消息3、#92岁的默多克又恋爱了#，恋爱关系还处于早期阶段4、#AI听键盘声就能偷你密码准确率百分之95# ，键盘敲字也不安全了5、#生成式人工智能服务新规今日实施#，意图为提升其服务透明度6、#三年内浙江将在乡村至少建90万个充电桩#，促进乡村全面振兴7、#非法减肥药流入20多省销售逾亿元#，副作用差点要人命8、#伪造满五年税单为多人获取购房资格#，行贿、受贿人员均已获刑9、#7月份中国外汇市场运行保持理性有序#，国内基本面预期改善10、#海口新能源汽车充电费不得超过每度0.65元#，按车辆行驶里程收取,2023-08-16,1,0,0,"氪星播报,今日大事件,多家公司吐槽LOGO变成视觉中国版权图,海底捞洗头发或全国推广,中国科学家首次在人内心深处发现微塑料,羊了个羊背后公司赚6.76亿分红5亿,贾跃亭称FF品牌产品永远不会低于50万元,宁德时代发布全球首款磷酸铁锂4C超充电池,北京设立100亿元规模机器人产业基金,恒大地产再被强执17亿,云南22岁失联女孩否认被拐卖,恒大回应许家印离婚传闻,92岁的默多克又恋爱了,AI听键盘声就能偷你密码准确率百分之95,生成式人工智能服务新规今日实施,三年内浙江将在乡村至少建90万个充电桩,非法减肥药流入20多省销售逾亿元,伪造满五年税单为多人获取购房资格,7月份中国外汇市场运行保持理性有序,海口新能源汽车充电费不得超过每度0.65元",2023-08-16 17:00:19
36氪,【#缅甸一日包车游半年仅售出2份#，向导称一个月只接待20人】据每日经济新闻报道，近年来，由于电信诈骗猖獗等原因，缅甸旅游业遭遇了前所未有的冲击和困境。据新浪热点消息，#在缅中企工作人员称不要妖魔化缅甸# 冲上热搜，引起广泛讨论。在缅甸从业5年的向导小张表示：“今年上半年提供的向导服务还未达到2019年疫情前规模的十分之一，现在一个月只能接待10至20人，且80%为商务考察。”目前，不仅杭州各大旅行社都还没有上架与缅甸相关的旅游产品，杭州也未恢复至缅甸直飞航线；就连各大旅游在线平台，也鲜有当地的跟团游和自由行产品。仅剩的“一日包车游”，在旅游平台上，半年仅售出2份。此外，缅甸酒店价格降幅很大，几乎降了六成，五星级酒店最低只要300多元。蒲甘一家知名度假酒店，给本地游客的房间价格已经降到了10万缅元一晚（约合人民币344元），同样的房型，以前给外国游客的价格是130美元一晚（约合人民币940元），价格下跌了六成有多。,2023-08-16,4,3,0,"缅甸一日包车游半年仅售出2份,在缅中企工作人员称不要妖魔化缅甸",2023-08-16 16:50:05
36氪,【#国际调查称印度上班族最爱装忙#】#你会在上班时间装忙吗# 据快科技消息，近日美国媒体展示的一项国际调查报告显示，最爱#表演式上班#的三个国家是印度、日本和新加坡。明明没有太多工作，但还是要装出一副很忙的样子，以防被安排更多的任务，这就叫做“#表演式上班#”。报告显示，最喜欢也最会“装忙”的上班族来自印度，他们表演式工作占总工作时长的43%，紧随其次的是日本上班族，为37%，而新加坡则排在第三，达到了36%，调查还称，全球平均“装忙”时间占比为32%。法国、英国、澳大利亚和德国紧随其后，占比依次为31%、30%、29%和29%，韩国和美国则排在最后，均为28%。36氪的微博视频,2023-08-16,6,3,1,"国际调查称印度上班族最爱装忙,你会在上班时间装忙吗,表演式上班,表演式上班",2023-08-16 16:40:14
36氪,【#92岁的默多克又恋爱了#，恋爱关系还处于早期阶段】据券商中国报道，在与未婚妻史密斯取消婚约4个月后，92岁的亿万富翁、传媒大亨默多克又恋爱了。据每日邮报等多家外媒报道，默多克被拍到与66岁的退休俄裔美国分子生物学家、糖尿病领域专家琳娜·朱可娃一起在地中海度假。与默多克关系密切的消息人士表示，他们已经认识多年，现在他们的恋爱关系还处于早期阶段，但两人一起度过了为期数周的游艇假期，已经是非常明显的迹象。默多克原本计划在今年夏天迎来他的第五次婚姻。今年3月份，默多克向66岁的前超模安·莱斯利·史密斯求婚成功，为她戴上价值高达200万英镑的11克拉钻石戒指。当时，默多克说，这将是他最后一次结婚。两人原本定于夏天举办婚礼。不过4月份，默多克与史密斯就取消了结婚计划，正式分手。,2023-08-16,9,1,5,92岁的默多克又恋爱了,2023-08-16 16:30:00
36氪,【#恒大回应许家印离婚传闻#：不清楚，没有消息】据上海证券报报道，8月16日，“许家印离婚”的说法在网上流传。起因是中国恒大8月14日夜间发布的公告中，丁玉梅女士被定义为“独立于本公司及其关联人士的第三方”，并未如此前一般被列为许家印的配偶。记者就此向恒大方面求证，对方表示“不清楚，没有消息”。此前，在中国恒大发布的2021年中期报告中，丁玉梅女士仍然是以“许太太”的名义出现。8月14日，中国恒大公告披露，恒大汽车与公司、鑫鑫、许家印、好邦及丁玉梅（以下统称“认购方”）订立股份认购协议及抵销协议，公司及其他方向恒大汽车提供的若干贷款，拟转换为恒大汽车新股。恒大汽车将向认购方发行约54.41亿股新股，认购价3.84港元/股。相较恒大汽车8月11日收盘价1.49港元/股溢价157.7%，总认购金额约208.95亿港元。在此公告中，丁玉梅女士已经被定义为“独立与本公司及其关连人士的第三方”。此外，2021年底，许家印及其妻子丁玉梅共同出售中国恒大12亿股股票，作为一致行动人，许家印及丁玉梅持有中国恒大股份比例从76.69%下降至67.87%。,2023-08-16,4,4,1,恒大回应许家印离婚传闻,2023-08-16 16:10:00
36氪,【#邀请方回应举报新东方网红带货翻车#，客服被骂哭】据老板联播报道，8月14日，举报新东方违规补课引争议的网红“铁头惩恶扬善”直播带货“翻车”。当晚的多个产品链接已下架。8月15日，该直播活动邀请方某电子商务公司工作人员称，对他并不了解，最初沟通时未发生举报新东方的争议。8月10日，据界面新闻报道，近日，新东方杭州线下中心突然全面关闭，起因是抖音网红博主“铁头惩恶扬善”举报杭州新东方违规补课。导致杭州新东方全面停课，舆论就此发酵，不少网友觉得该博主多此一举。在8月11日，该博主更新最新进展。拱墅区教育局答复称：已会同相关部门成立联合调查组，正介入调查取证。博主 “铁头惩恶扬善”表示：哪怕最终举报10家、100家、1000家，都不如真正去处理一家达到震慑其他补课机构、教培机构、其他学校超前补课的行为。,2023-08-16,48,14,4,邀请方回应举报新东方网红带货翻车,2023-08-16 15:51:00
36氪,【#海底捞洗头发或全国推广#，相关人士称门店个性化创新试点】据老板联播报道，8月16日，针对网友热议#海底捞可以洗头发了#， 海底捞无锡茂业天地店回应称：前两天刚开始推出洗头服务，这几天工作日体验的人还不是很多，可能周末人会多。也需要和美甲服务一样取号排队，洗头大概20分钟一个人。洗头服务其实疫情之前个别门店也有，只是疫情期间停止了，现在又重新开始在个别门店推出。现在先是试点，未来可能会一点点向全国推广。对此，北京商报记者联系到海底捞，据相关负责人表示，海底捞无锡茂业天地店的洗发体验区，是门店进行的个性化创新试点，为会员提供更多权益。海底捞将持续关注顾客反馈，不断优化体验。根据网友晒出的图片，记者发现该门店位于无锡茂业天地广场，吹风区桌上有提示牌指出该洗头服务为“会员专享，200捞币兑换洗发一次，仅提供基础洗发服务”。除了此次上新需要捞币兑换的洗发服务，海底捞之前推出的做美甲、做手部护理、洗眼镜、擦鞋等服务都是免费的。,2023-08-16,7,7,4,"海底捞洗头发或全国推广,海底捞可以洗头发了",2023-08-16 15:30:00
36氪,【#中国科学家首次在人内心深处发现微塑料#，在心脏组织样本以及血液样本中检测到】据智慧科技迷报道，近日，中国科学家团队收集了15名参与者的心脏组织样本以及血液样本，结果在大多数样本中均检测到数万个单独的微塑料碎片。越来越多的证据表明，微塑料在人体中越来越普遍，并且有害，但目前为止，微塑料对健康的影响尚未得到广泛认同和充分理解。微塑料真的无处不在。研究人员已经陆续在人体的各种组织如肺、肠道、胎盘、血液中检测到微塑料，它们是通过各种体腔（鼻腔、口腔、肛门、阴道和子宫）与外环境接触而进入人体的。 智慧科技迷的微博视频,2023-08-16,3,1,3,中国科学家首次在人内心深处发现微塑料,2023-08-16 15:12:58
36氪,【#视觉中国文字商标无效#，视觉中国商品名称为什么能冠以“中国”两字？】 #视觉中国商标申请被判无效#据财经网科技报道，近日，有博主称“自己拍的照片被视觉中国告侵权”，引发网友热议。有网友质疑，作为一家民企，视觉中国商品名称为什么能冠以“中国”两字？据悉，视觉中国(000681)曾申请注册多枚“视觉中国 VISUAL CHINA GROUP”“VCG”文字及LOGO商标，国际分类涉及广告销售、科学仪器、教育娱乐等，其中“VCG”商标以及LOGO图形商标已获批注册，但含“视觉中国”文字的商标均已被驳回，处于无效状态。#多家公司吐槽logo变成视觉中国版权图# 财经网科技的微博视频,2023-08-16,5,4,0,"视觉中国文字商标无效,视觉中国商标申请被判无效,多家公司吐槽logo变成视觉中国版权图",2023-08-16 15:00:00
36氪,【#贾跃亭称FF品牌产品永远不会低于50万元#，目标基本上都是塔尖的用户】据IT之家报道， 8 月 16 日，洛杉矶时间 2023 年 8 月 13 日，法拉第未来（Faraday Future，简称 FF）正式完成历史性首辆“全能 aiHypercar” FF 91 2.0 Futurist Alliance 首个塔尖用户交付，距离 FF 创立已经过去整整 9 年时间，这也是 FF 首次进入营收阶段并正式进入完整经营闭环阶段的历史性的重大拐点。另据汽车商业评论报道，7 月 27 日，贾跃亭在接受采访时表示，他已经构思好了 FF 91 下一代产品，并计划推出 81 和 71 系列产品。他表示，“我们的目标基本上都是塔尖的用户，最低就是我们只是下沉到塔腰以上，我们不会再下沉了。我们 FF 品牌永远不会推出低于 50 万元人民币的产品，即使推出 71 系列，都不会低于 50 万元人民币的。”,2023-08-16,5,5,0,贾跃亭称FF品牌产品永远不会低于50万元,2023-08-16 14:48:30
36氪,【#传统电视观看时间低于总时间的50%#：传统的广播电视和有线电视正在失去观众的青睐】#为什么没人看有线电视了#据IT之家消息，据美国尼尔森公司（Nielsen）的最新报告，线性电视的观看时间已经低于所有电视使用时间的50%。这意味着传统的广播电视和有线电视正在失去观众的青睐，而 YouTube、TikTok 和流媒体等新兴视频平台正在崛起。线性电视是指传统的电视广播系统，通过有线、卫星或无线的方式传输。观众必须按照电视台或频道预定的节目表，在固定的时间观看特定的节目，与之相对的是点播式的流媒体。尼尔森公司从 2021 年开始使用一种新的指标来衡量人们如何分配他们的电视观看时间。这个指标将电视使用时间分为四个类别：广播电视、有线电视、流媒体和其他。报告显示，有线电视的观看时间较去年同期下降了 12.5%，仅占观众时间的不到三分之一。与此同时，流媒体创下了历史新高，以 YouTube 和 Netflix 为首的视频平台占据了近乎广播电视一半的观看时间。事实上，传统电视已经面临着来自多方面的竞争。不仅是迪士尼等流媒体巨头，还有 YouTube 和 TikTok 等依靠创作者快速、廉价地生产内容的视频平台。此前，Netflix CEO里德·黑斯廷斯在7月财报电话会上表示，所有人都在涌入流媒体，“传统电视节目系统”将在5至10年内消亡。,2023-08-16,5,2,1,"传统电视观看时间低于总时间的50%,为什么没人看有线电视了",2023-08-16 14:31:44
36氪,【#GPT-4内容审核新功能缩短工作周期#：6个月的工作1天干完】据TechWeb引援外媒报道，8月16日，当地时间周二，OpenAI宣布将新一代大型语言模型GPT-4用于内容策略开发和内容审核决策，以实现更一致的标签、更快的策略优化的反馈闭环以及更少的人工审核人员参与。据悉，GPT-4是OpenAI在今年3月14日推出的最新一代大型语言模型。它是一个多模态大型语言模型，支持图像和文本输入，以文本形式输出；扩写能力增强，能处理超过25000个单词的文本；更具创造力，并且能够处理更细微的指令。内容审核通常是一个缓慢而具有挑战性的过程，因为它要求工作细致，对上下文敏感，并能快速适应新的使用情况。OpenAI表示，使用GPT-4的内容审核系统能更快地迭代策略变更，将工作周期从数月缩短到数小时，其工具有望帮助企业在1天左右的时间内，就完成原本需要6个月才能做完的工作。任何拥有OpenAI API访问权限的人都可以采用这种方法来创建自己的人工智能辅助审核系统。根据OpenAI的研究，GPT-4在某些情况下可以比人类更好地完成某些内容审核任务。该公司认为，它的技术可以帮助解决科技界最棘手的问题之一：大规模的内容审核。同时，与人类审核相比，AI审核一些有毒有害内容时可以避免对人类的心理伤害，类似的例子有谷歌Youtube审核员在审查一些变态视频时遭遇的心理创伤。不过GPT-4依然不能完全取代人类审核员，其审核质量与经过轻度训练的人类审核员相似，但与经验丰富、训练有素的人类审核员相比仍有差距。,2023-08-16,5,1,6,GPT-4内容审核新功能缩短工作周期,2023-08-16 14:00:00
36氪,【#生成AI行业人才紧俏#，不少公司为其开出天价薪酬】#你觉得AI可以代替人类工作吗#据IT之家援引华尔街报道报道，8月16，日基于招聘网站 Indeed 统计数据，自今年年初以来，生成式 AI 相关的岗位数量翻了两番。报道称目前生成式 AI 行业人才紧俏，包括亚马逊、Netflix 和 Meta 在内的诸多公司，都加大了招聘人数和招聘待遇，为了吸引经验丰富的资深 AI 专家，已经开出 6 位数薪酬。其中 Netflix 公司因为演员和作家罢工，招募人工智能产品经理岗位，开出了 90 万美元（当前约 657 万元人民币）的天价薪酬。约会网站 Hinge 计划招聘一位人工智能副总裁，年薪为 39.8 万美元（当前约 290.5 万元人民币）；亚马逊发布了应用科学和生成人工智能高级经理招聘岗位，年薪高达 340300 美元（当前约 248.4 万元人民币）。Capital One 发布了一份关于生成式人工智能杰出工程师的清单，提供高达 325700 美元（当前约 237.8 万元人民币）的薪水。,2023-08-16,0,1,3,"生成AI行业人才紧俏,你觉得AI可以代替人类工作吗",2023-08-16 13:30:07
36氪,【#摄影师表示不接受视觉中国观点#，要求视觉中国停止侵权行为】#摄影师称和视觉中国没有误解# #摄影师要求视觉中国停止侵权#据凤凰网科技报道，8月16日，戴建峰再次回应表示不接受视觉中国的观点。并且已经与Stocktrek进行核实，Stocktrek明确告知他，@视觉中国 无权销售其的作品，也没有其作品的任何版权。Getty也无权将他的作品再次转授。其中并没有误会，并且表示视觉中国截至目前为止还在网上非法销售他的作品，向他人谎称拥有作品的著作权并向他们索赔。要求视觉中国立即停止侵权行为。 36氪的微博视频,2023-08-16,7,4,3,"摄影师表示不接受视觉中国观点,摄影师称和视觉中国没有误解,摄影师要求视觉中国停止侵权",2023-08-16 12:54:38
36氪,【#氪星播报#｜8月16日早间都有哪些#今日大事件#？】Top3大新闻1、#摄影师表示不接受视觉中国观点#，立即停止侵权2、#印度不再从中国进口手机#：每年1.8亿支的订单没了3、#视觉中国市值蒸发超3亿# ，股价下跌3.3%科技财经互联网热点1、#离岸人民币对美元跌破7.31# ，人民币对美元汇率延续疲软走势2、国际调查称印度上班族最爱装忙，#你会在上班时间装忙吗#3、#室温超导材料开发者材料科学论文又被撤回#，你认为室温超导有可行性吗4、#iPhone15发布前郑州富士康奖金涨至八千#，中介称比往年低5、#为何年轻人爱上骑行#，骑行或成最热门出行方式还有哪些其他要闻1、变废为宝，#男子用纸箱打造山西文化地标#2、#钉钉个人版没有打卡已读功能#，融合多项AI工具3、#缅甸失联20岁男生已找到#，正接受调查4、视觉中国“碰瓷式”维权，#视觉中国涉百余起侵权案均为原告#5、#生成AI行业人才紧俏#，不少公司为其开出天价薪酬6、#GPT-4内容审核新功能缩短工作周期#：6个月的工作1天干完7、#你有关心过自己的精神状态吗#，研究表明5成人或患精神障碍8、#夏威夷大火或致砷元素渗入水源#，建议不要饮用当地水源9、#运动1小时1周1个月会发生的变化#，身体会获益,2023-08-16,5,0,0,"氪星播报,今日大事件,摄影师表示不接受视觉中国观点,印度不再从中国进口手机,视觉中国市值蒸发超3亿,离岸人民币对美元跌破7.31,你会在上班时间装忙吗,室温超导材料开发者材料科学论文又被撤回,iPhone15发布前郑州富士康奖金涨至八千,为何年轻人爱上骑行,男子用纸箱打造山西文化地标,钉钉个人版没有打卡已读功能,缅甸失联20岁男生已找到,视觉中国涉百余起侵权案均为原告,生成AI行业人才紧俏,GPT-4内容审核新功能缩短工作周期,你有关心过自己的精神状态吗,夏威夷大火或致砷元素渗入水源,运动1小时1周1个月会发生的变化",2023-08-16 12:21:19
36氪,【#室温超导材料开发者材料科学论文又被撤回#，罗切斯特大学表示将对其研究展开全面调查】#你觉得室温超导有可行性吗#据IT之家报道，今年3月，美国罗切斯特大学的物理学家兰加・迪亚斯声称开发出了一种室温超导材料，受到业内的强烈关注。当地时间本周二，知名物理学杂志《物理评论快报》(Physical Review Letters) 以数据造假或伪造为由撤回了迪亚斯参与撰写的一篇材料科学论文。撤回的这篇论文是关于硫化锰的化合物，虽然没有涉及超导材料，但增加了迪亚斯在研究中存在伪造数据等不当行为的相关指控。虽然罗切斯特大学否认了早些时候的指控内容，但校方一名女发言人本周表示，罗切斯特大学已经开始让外部专家对迪亚斯的研究进行全面调查。 36氪的微博视频,2023-08-16,3,1,1,"室温超导材料开发者材料科学论文又被撤回,你觉得室温超导有可行性吗",2023-08-16 11:44:28
36氪,【#为何年轻人爱上骑行#，骑行或成最热门出行方式】#六成骑行爱好者花费超五万元# 比起以前的通勤工具，如今的骑行被赋予了多重身份——健身器材、社交载体，时尚单品，受到越来越多年轻人的青睐。三万多名“踩车人”组成了自行车骑行小组；300多万篇骑行笔记遍布社交媒体的页面……骑行的风潮席卷各大社交平台。从骑行风靡开始，这个小众圈层中就挤满了“装备党”。调研数据显示，骑行超过1年以上的骑手们，在骑行上愿意花费1万元以上，而骑行3年的人有60%的花费已超过5万元。某购物平台上的骑行数据显示，虽然高价位骑行装备仍然保持增长，但价格区间在300元至500元的自行车已经成为消费者的首选，订单占比超过30%，500元至800元的自行车订单占比超过20%。（连线Insight）,2023-08-16,4,0,2,"为何年轻人爱上骑行,六成骑行爱好者花费超五万元",2023-08-16 11:30:00
36氪,#表演式上班#【国际调查称印度上班族最爱装忙，#你会在上班时间装忙吗#】据快科技消息，近日美国媒体展示的一项国际调查报告显示，最爱#表演式上班#的三个国家是印度、日本和新加坡。明明没有太多工作，但还是要装出一副很忙的样子，以防被安排更多的任务，这就叫做“表演式上班”。报告显示，最喜欢也最会“装忙”的上班族来自印度，他们表演式工作占总工作时长的43%，紧随其次的是日本上班族，为37%，而新加坡则排在第三，达到了36%，调查还称，全球平均“装忙”时间占比为32%。法国、英国、澳大利亚和德国紧随其后，占比依次为31%、30%、29%和29%，韩国和美国则排在最后，均为28%。  网页链接,2023-08-16,178,4,2,"表演式上班,你会在上班时间装忙吗,表演式上班",2023-08-16 11:16:50
36氪,【#国际调查称印度上班族最爱装忙#】#你会在上班时间装忙吗# 据快科技消息，近日美国媒体展示的一项国际调查报告显示，最爱#表演式上班#的三个国家是印度、日本和新加坡。明明没有太多工作，但还是要装出一副很忙的样子，以防被安排更多的任务，这就叫做“#表演式上班#”。报告显示，最喜欢也最会“装忙”的上班族来自印度，他们表演式工作占总工作时长的43%，紧随其次的是日本上班族，为37%，而新加坡则排在第三，达到了36%，调查还称，全球平均“装忙”时间占比为32%。法国、英国、澳大利亚和德国紧随其后，占比依次为31%、30%、29%和29%，韩国和美国则排在最后，均为28%。那么为何员工会热衷于这么干呢？调查公司的技术专员表示，很有可能是受到公司领导层考核方式的影响，如果领导们热衷于用可以看见的部分来衡量员工的工作，那么后者就会花费更多时间展示自己的努力上。,2023-08-16,7,2,2,"国际调查称印度上班族最爱装忙,你会在上班时间装忙吗,表演式上班,表演式上班",2023-08-16 10:56:00
36氪,【#摄影师表示不接受视觉中国观点#，要求视觉中国停止侵权行为】#摄影师称和视觉中国没有误解#据凤凰网科技报道，8月15日，知名摄影师戴建峰@Jeff的星空之旅 吐槽#自己拍的照片被视觉中国告侵权#。在当天20：55，@视觉中国官方回应，经初步核实，涉事图片系该摄影师授权图片库Stocktrek Images进行销售，Stocktrek Images又将相关图片授权给Getty Images销售。视觉中国作为Getty Images在中国大陆地区的独家合作伙伴，拥有对包括涉事相关图片在内的完整的销售权利，涉事图片的销售授权链条清晰完整。 而8月16日，戴建峰再次回应表示不接受视觉中国的观点。并且已经与Stocktrek进行核实，Stocktrek明确告知他，@视觉中国无权销售其的作品，也没有其作品的任何版权。Getty也无权将他的作品再次转授。其中并没有误会，并且表示视觉中国截至目前为止还在网上非法销售他的作品，向他人谎称拥有作品的著作权并向他们索赔。要求视觉中国立即停止侵权行为。,2023-08-16,26,4,6,"摄影师表示不接受视觉中国观点,摄影师称和视觉中国没有误解,自己拍的照片被视觉中国告侵权",2023-08-16 10:25:27
36氪,【#视觉中国上半年净利润或超亿元#，是捍卫版权还是钓鱼执法】#视觉中国市值蒸发超3亿# #多家公司吐槽logo变成视觉中国版权图#据新浪财经报道，昨日Jeff的星空之旅自己拍的照片被视觉中国告侵权引发热议，此前据视觉中国公告，预计上半年净利润8900万元-10350万，同比增加62.18% – 88.60%。在此次事件发酵的当天20:55分，视觉中国官网作出回应称在事件发生的第一时间已经与当事人取得了联系并且进行了沟通，经他们初步核实，涉事图片系该摄影师授权图片库Stocktrek Images进行销售，Stocktrek Images又将相关图片授权给Getty Images销售。视觉中国作为Getty Images在中国大陆地区的独家合作伙伴，拥有对包括涉事相关图片在内的完整的销售权利，涉事图片的销售授权链条清晰完整。视觉中国表示会继续与摄影师保持沟通，妥善处理相关误解。,2023-08-16,25,4,1,"视觉中国上半年净利润或超亿元,视觉中国市值蒸发超3亿,多家公司吐槽logo变成视觉中国版权图",2023-08-16 10:00:00
36氪,#看见2033# 第八期：冯大刚x卢伟冰x辛利军智能化需求已呈现逐年递增趋势，如今，智能手机、智能可穿戴设备、智能家居等智能终端在不断创新上市。在未来，越来越多的智能网联终端将深度融合现实世界与数字世界，带来更多的发展机遇。#小米京东高管谈未来十年智能终端# #京东高管被小米徕卡种草#看见2033第八期，带领我们洞见智能终端的未来十年。@看见2033 @小米手机 @京东手机通讯 36氪的微博视频,2023-08-16,332,171,252,"看见2033,小米京东高管谈未来十年智能终端,京东高管被小米徕卡种草",2023-08-16 09:30:01
36氪,【#室温超导材料开发者材料科学论文又被撤回#，罗切斯特大学表示将对其研究展开全面调查】#你觉得室温超导有可行性吗#据IT之家报道，8 月 16 日消息，今年 3 月，美国罗切斯特大学的物理学家兰加・迪亚斯（Ranga Dias）声称开发出了一种室温超导材料，受到业内的强烈关注。当地时间本周二，知名物理学杂志《物理评论快报》(Physical Review Letters) 以数据造假或伪造为由撤回了迪亚斯参与撰写的一篇材料科学论文。撤回的这篇论文是关于硫化锰的化合物，虽然没有涉及超导材料，但增加了迪亚斯在研究中存在伪造数据等不当行为的相关指控。虽然罗切斯特大学否认了早些时候的指控内容，但校方一名女发言人本周表示，罗切斯特大学已经开始让外部专家对迪亚斯的研究进行全面调查。,2023-08-16,6,2,2,"室温超导材料开发者材料科学论文又被撤回,你觉得室温超导有可行性吗",2023-08-16 09:28:33
36氪,【#氪物库# | 观看超大屏幕的智能眼镜】TCL推出的智能眼镜NXTWEAR G，可以让你不出家门，就能沉浸在超大屏幕的电影中。NXTWEAR G看上去像是一副太阳眼镜，不同于目前市面上的VR眼镜，它更加接近于一个显示器产品，戴上后能获得相当于140英寸的观影体验。两侧镜架上配备了立体声扬声器，以便在不使用耳机的情况下，也能有出色的音频体验。能躺着看电影，这大概是它最吸引人的地方了（科技view）科技view的微博视频,2023-08-16,5,0,0,氪物库,2023-08-16 08:00:01
36氪,【#分享氪#｜为什么你越想要什么越得不到什么？】人性总是难以满足，总是病态地追求更多，不断地被贫乏感所驱使着。然而，我们越是寻求，越是得不到。越是追逐外在的虚荣，我们就越是远离我们真正渴望的东西。相反地，当我们无心插柳时，柳树却郁郁葱葱。这是怎么回事？不努力却能得到我们想要的吗？（Yourone精选）Yourone精选的微博视频,2023-08-16,20,0,12,分享氪,2023-08-16 07:00:00
36氪,【Meta展示的新技术，可能会改变MR行业的未来】苹果 Vision Pro 会是未来吗？放在今天依然是一个极具争议的问题，甚至在 Vision Pro 正式推出发售之后，可能也很难达成共识。 另一个毫无疑问的现实是，不管是 VR、AR 还是 MR，XR 头显还有很多需要攻克的技术和工程难题。就说如今，头显稍一用久容易头晕的问题还是存在，这就涉及到了方方面面的问题，包括屏幕分辨率、延迟、亮度以及焦距等，本质上还是大脑不觉得画面足够「真实」。虽然苹果 CEO 库克在发布 Vision Pro 时将其誉为开启空间计算时代的「革命性产品」，但实际上 Vision Pro 也不是很「空间」，至少还无法调节焦距，用户看到的画面始终聚焦在一个固定的焦距处，容易导致眼睛疲劳。不过就在 8 月 6 日开始的计算机图形学顶级年度会议 SIGGRAPH 2023 上，Meta 就展示了两台原型头显—— Butterscotch Varifocal 与 Flamera。当然，我们与其将这两台头显视为产品原型，不如看成 Meta 正在探索的两种技术的展示。值得在意的是，Butterscotch Varifocal 将展示接近视网膜的分辨率和变焦光学器件，而 Flamera 则证明了一种实现「透视」真实世界的全新方法。尽管 Meta 表示这些原型头显上的是技术「可能永远不会进入消费级产品」，但或许也会通向 VR、MR 乃至 AR 的未来。#氪君领读#1、大脑会觉得不太真实2、Meta 正在探索的两种技术的展示3、Flamera 则证明了一种实现「透视」真实世界的全新方法详情阅读：网页链接，本文来自微信公众号“雷科技”，作者：雷科技,2023-08-16,9,0,0,氪君领读,2023-08-16 03:00:00
36氪,【#分享氪#｜悬浮空中的摩托艇】澳大利亚一家公司发明的电动水翼船wave flyer，外形与普通摩托艇差不多，但它能往船下面喷水，借助推力使船在水面飞行，腾空高度有60公分，最快时速达50公里。坐在它上面不仅能够看到更漂亮的风景，而且浮在空中的飘逸感，会带给你不一样的世界。（科技view）科技view的微博视频,2023-08-16,7,2,4,分享氪,2023-08-16 02:00:00
36氪,【反向消费的年轻人，把海底捞逼去夜市摆摊、演唱会“捞人”了？】最近，不少网友发现，海底捞开始在青岛、上海等地的夜市摆摊了。视频显示，挂着“海底捞火锅”招牌的摊位前，身着门店同款工服的工作人员正从沸腾的锅底里捞出食物分装，摊位前顾客不少。价格牌显示，小油条8元、冒血旺9.9元，冒脑花18元、现炸酥肉16元。当年爆满的海底捞，进军夜市摆摊，让网友直呼“这也太卷了”。今年上半年，这么“向下卷”的，不只海底捞一个。在一线城市站稳脚跟的瑞幸，走高端茶饮路线的奈雪的茶，用快餐俘获打工人的西少爷，都做起了9块9的生意。中高端餐饮下沉背后，“报复性消费”并未如期而至，而“反向消费”越发流行。处在波动过后的大环境中，现在的年轻一代消费主力军，不再随随便便为品牌溢价买单，反而更加谨慎、理性，追求务实、性价比。这样的消费趋势和生活方式，不仅体现在吃喝上，包括旅游、看演出在内，他们也都主张“该省省，该花花”，不一味降低生活品质，但也绝不多花一毛钱。当大众消费观念发生巨变，原来依靠扩张、营销就能“吃饱喝足”的品牌商家们，也不得不重新思考，未来何去何从。#氪君领读#：1、海底捞开始在夜市摆摊2、中高端餐饮下沉3、年轻一代消费主力军追求务实、性价比详情请阅读：网页链接，本文来自微信公众号“金融八卦女频道”，作者：小悔,2023-08-16,30,6,11,氪君领读,2023-08-16 01:00:00
36氪,#深夜告解室# 你入睡需要多长时间？ #一个快速入睡的办法# ,2023-08-16,2,5,0,"深夜告解室,一个快速入睡的办法",2023-08-16 00:00:00
量子位,据说用这个提示词，就能将ChatGPT变成AutoGPT这是一段使用实例：网页链接（via.twi_Florian Camiade） ,2023-08-16,53,9,64,,2023-08-16 20:00:01
量子位,#LG的手提箱新电视来了# LG StanbyME Go “旅行箱智能屏”发布，售价1000美元（人民币约7296元）你感觉怎么样？ ,2023-08-16,5,4,4,LG的手提箱新电视来了,2023-08-16 19:00:01
量子位,【#虚幻引擎5再现电影失控玩家#】当游戏里的AI NPC觉醒后，会发生什么？ 量子位的微博视频 ,2023-08-16,8,4,6,虚幻引擎5再现电影失控玩家,2023-08-16 18:47:32
量子位,【#ChatGPT变身审核员#】学校的图书管理员，已经开始用ChatGPT来筛选带色情内容的书籍了。根据一项新规定，美国爱荷华州的学校需要下架图书馆中包含性行为描述的书籍，但“阅读每本书并按新要求筛选根本不可行”。在ChatGPT的帮助下，一个学区终于赶在开学前筛选出19本符合条件的书籍。隔天，OpenAI也正式宣布将GPT-4引入内容审核系统。网页链接,2023-08-16,11,0,6,ChatGPT变身审核员,2023-08-16 17:23:20
量子位,#国产人形机器人火到国外# 不惧偷袭还带闪最新国产人形机器人，这回火到国外去了！连OpenAI创始成员Karpathy都前排围观，当场高呼“想要”。视频里可以看到，这个船新机器人底盘稳固，突然碰见一脚飞踢，两步就能轻松恢复平衡；甚至还能提前预判，一点儿不大意，直接闪。背后公司，是宇树科技——就是那家把机器狗价格打到万元级别、卖到了全球几十个国家的国产机器人公司。有意思的是，这个发布的时间点，也引起了不少网友的关注。毕竟这段时间，国产人形机器人可谓消息不断：前有字节跳动扩建机器人团队的消息传出；后有前华为“天才少年”稚晖君的智元人形机器人发布会定档本周五；今日开幕的世界机器人大会上，也不乏人形机器人的身影……国产人形机器人，似乎来到了一个集中爆发的时刻。网页链接,2023-08-16,60,11,35,国产人形机器人火到国外,2023-08-16 16:21:31
量子位,#新的生成式AI模型来了# Hinton弟子Alex Graves新作：生成式贝叶斯流网络，结合了贝叶斯推理和深度学习的优势，采用简单的端到端损失函数，在连续、离散或离散数据上进行训练，且对网络架构没有限制。论文地址：网页链接 ,2023-08-16,10,0,3,新的生成式AI模型来了,2023-08-16 16:00:00
量子位,a16z的#AI小镇#也来了，灵感来自斯坦福小镇，进入试玩网页，戳NPC就能看见人设、对话记录，不同NPC之间的实时交互也会被记录下来。试玩网址：网页链接开源地址：github.com/a16z-infra/AI-town ,2023-08-16,4,0,11,AI小镇,2023-08-16 15:31:55
量子位,#腾讯云上架Llama2等主流大模型# 最新消息，腾讯云TI平台已经全面接入Llama 2、Falcon、Dolly、Vicuna、Bloom、Alpaca等20多个主流模型，覆盖智能对话、文本生成、写作等多个不同场景。不仅如此，腾讯云还支持系列模型的直接部署调用、应用流程简单、可全程低代码操作，成为国内第一批上架和支持开源模型的大模型厂商。,2023-08-16,8,2,4,腾讯云上架Llama2等主流大模型,2023-08-16 14:53:32
量子位,#陶哲轩独作新论文# 陶哲轩又发新论文了！这也是时隔一年，他再次独立发表新论文。（arXiv显示上一篇独作论文发表时间是在去年2月）这篇新论文依旧与陶哲轩钻研的数论领域有关。它证明了著名数学家埃尔德什·帕尔（Erdős Pál）提出的一个交错素数级数猜想，在哈代-李特尔伍德素数k元组猜想成立的条件下，是成立的。（当然，哈代-李特尔伍德素数k元组猜想也是一个悬而未解的猜想，因此这项研究只是部分证明，并没有完全解决）这项研究，还用到了他在几年前与合作者共同提出的一个素数随机模型。一起来看看：陶哲轩新论文：部分证明著名素数猜想，新方法用到了自己的旧模型,2023-08-16,12,1,1,陶哲轩独作新论文,2023-08-16 14:40:34
量子位,#ResNet孙剑何恺明团队加冕未来科学大奖##旷视张祥雨成最年轻获奖人# 今天，2023未来科学大奖揭晓，三大奖项共8人获奖：柴继杰和周俭民获得“生命科学奖”赵忠贤和陈仙辉获得“物质科学奖”何恺明、孙剑、任少卿和张祥雨获得“数学与计算机科学奖”每个奖项奖金分别为100万美元。【数学与计算机科学奖】何恺明、孙剑、任少卿和张祥雨四人获奖的研究工作是残差学习ResNet，目前论文在Google Scholar的引用次数超过18万次。2012年-2016年期间，四人在微软亚洲研究院完成了这项工作，任少卿和张祥雨当时是实习生。何恺明，刚离开Meta的FAIR，并在7月底官宣将于2024年加入MIT EECS（电子工程和计算机科学系）。孙剑，生前担任旷视首席科学家、旷视研究院院长。2022年6月14日，孙剑因突发疾病抢救无效不幸去世。任少卿，现任蔚来自动驾驶研发首席专家、助理副总裁。现场与何恺明、任少卿、张祥雨进行了视频连线。何恺明连线时笑谈，接到电话的时候非常意外，他当时正在游泳，上岸过后看到很多未接来电，最后是湿着头发获知了得奖消息：我们的团队非常年轻，包含了80后和90后的成员，祥雨和少卿是未来科学大奖最年轻的获得者。很感谢奖项对年轻人的认可，希望能激励更多年轻人投身科学领域。任少卿特别感谢了MSRA提供的研究环境，以及孙剑提供的教导和帮助，“他教导我做不仅有创新，同时真正有效的方向，深刻地影响到了我们每个人此后持续地工作”。“我的两位导师，尤其是我的mentor何恺明和我在MSRA的指导老师孙剑，让我们始终坚持简单和本质的原则。”张祥雨同样表达了对孙剑的感谢，“尤其是已故的孙老师，我永远记得他的教导，‘持续创新，拓展认知边界’。”获奖理由：奖励他们提出深度残差学习，为深度学习提供的基础贡献。ResNet本身虽为计算机视觉领域研究，但其核心思想残差连接已经跨界成为现代深度学习模型的基本组件。开启上一次AI热潮的AlphaGo Zero就是结合了ResNet+强化学习+蒙特卡洛搜索共同完成。而开启最新AI热潮的ChatGPT，其中的“T”也就是Transformer网络中同样使用了残差连接。张祥雨，现任旷视科技研究院基础科研负责人。,2023-08-16,7,1,5,"ResNet孙剑何恺明团队加冕未来科学大奖,旷视张祥雨成最年轻获奖人",2023-08-16 14:18:03
量子位,#讯飞星火大模型v2.0发布# 用Python画红色的心形线、画出马鞍面方程三维立体图并设置渐变色；用代码生成贪吃蛇小游戏……又或者直利用小视频做成表情包GIF图，只需一两句话就可以迅速搞定。讯飞星火2.0，来了。此次主要针对代码能力和多模态能力核心升级，并同时发布了一揽子搭载大模型能力的应用和产品：代码快速生成或者改Bug的智能编程助手iFlyCode1.0，能够进行视频创作的讯飞智作2.0，还有帮助教师设计教学活动、一键生成课件的星火教师助手，面向学生口语练习的星火语伴2.0，讯飞AI学习机也升级AI编程空间和AI创意画板。此外，科大讯飞还和华为联合发布讯飞星火一体机，为每一家企业提供专属的大模型，联合打造全国产化算力底座。网页链接,2023-08-16,7,1,5,讯飞星火大模型v2.0发布,2023-08-16 09:49:19
互联网的那点事,韩国科学技术高等研究院（KAIST）的工程师和研究人员正在开发一种人形机器人，它可以驾驶飞机，而是无需对驾驶舱进行修改和改造！该机器人名为”Pibot”，可以像人类飞行员一样操作飞机的所有单一控制。Pibot能够通过高精度控制技术灵活操作飞行仪器，即使在飞机中遇到严重振动也能做到。Pibot还可以记忆复杂的自然语言手册，增强了其在各种飞机之间的适应性。其记忆力如此之大，以至于可以记住全球所有的Jeppesen航空导航图表，这对人类飞行员来说是不可能的。Pibot还利用了大型语言模型（LLM）的最新进展，可以理解和记忆最初为人类编写的手册。这得益于ChatGPT等大型语言模型系统的技术突破。Pibot预计将进行无误差飞行，并能够在紧急情况下比人类反应更快。研究团队还正在开发和测试自己的自然语言模型，以便Pibot在没有互联网连接的情况下进行查询。Pibot还可以与飞机直接通信，并与空中交通控制员和驾驶舱内的人类进行语音合成通信。Pibot的人形设计使其能够无缝地替代人类在驾驶汽车、操作坦克甚至指挥海上船只等角色。该机器人仍在开发中，预计将于2026年完成。项目由韩国国防发展局（ADD）委托，未来可能有军事应用。 互联网的那点事的微博视频,2023-08-16,34,10,14,,2023-08-16 23:15:37
互联网的那点事,视觉中国实控人为10名一致行动人，共持有公司55.39%股份。分别为廖道训、吴玉瑞、吴春红、柴继军、姜海林、陈智华、袁闯、李学凌、高玮、梁世平。视觉中国董事长廖杰为加拿大国籍，总裁梁军为美国国籍， 副董事长吴斯远曾任康佳集团股份公司董事长。柴继军则是记者出身，创始人之一。 ,2023-08-16,2186,80,229,,2023-08-16 19:44:13
互联网的那点事,"获奖团队提出了深度残差学习,使神经网络能够达到前所未有的深度，获得以前难以实现的能力，促成了多个突破性的成果——包括AlphaGo，AlphaFold和ChatGPT。2023未来科学大奖揭晓：何恺明、孙剑、任少卿、张祥雨获数学与计算机科学奖 ",2023-08-16,14,2,4,,2023-08-16 12:34:24
互联网的那点事,大家都看过小米MIX Fold3了吧？发布会上雷军谈到了小米的高端化之路，用了三年时间和百亿的投入来积累经验。他说，最高端的产品一定要让人用得舒服，不只是参数好看，还要用起来爽。小米现在真的变了，不再只看参数。[社会社会]看看这次MIX Fold3的首销成绩就知道，比上一代多卖了2.25倍，还打破了小米自己的记录！折叠手机已经很接近普通手机体验了，感觉要成🤔,2023-08-16,39,40,1,,2023-08-16 11:50:42
互联网的那点事, ,2023-08-16,704,125,274,,2023-08-16 10:10:24
互联网的那点事,据华盛顿邮报报道，包括 Instagram、Facebook、Threads、Substack、纽约时报和 Bluesky 等网站的短链接都被限流，X（推特）的推文虽然支持这些外链，但用户点击之后会延迟 5 秒时间，然后再开始加载网站。I这个延迟设置最早由 Hacker News 平台网友发现，X平台用户点击“NYTimes.com”或“threads.net”的链接，t.co 短链接会等待 5 秒时间再加载正确的网站。华盛顿邮报认为 X限速的这些平台，其共同的特点是吐槽埃隆・马斯克（Elon Musk），对马斯克持负面态度。,2023-08-16,45,7,6,,2023-08-16 09:57:24
互联网的那点事,恒大8月14日晚间公布的一系列公告。在公告中，丁玉梅被称为“独立于本公司及其关联人士的第三方”，并未如此前一般被列为许家印的配偶。因港交所将配偶定义为上市公司主要董事、首席执行官或主要股东的联系人，须遵守一定的关连交易规定。此举被质疑或为“技术性离婚”，丁玉梅可在财务上与许家印进行分割，规避债务等问题。,2023-08-16,23,10,3,,2023-08-16 09:49:38
钛媒体APP,【直播 | 供应链出海之SHEIN模式可以复制到其他行业么？| #出海参考#】🛍在海外闷声发大财的SHEIN，离不开强大供应链的支持：“小单快反+柔性供应链” 是对全球市场的降维打击，也是SHEIN快速崛起的秘密之一🎬SHEIN模式可以复制到医疗行业么？医疗行业能从SHEIN身上得到哪些供应链方面的借鉴？如何管理好出海制造业的供应链？⏰今晚19:00 钛媒体「出海参考」联合「数字价值观察室」邀请跨行业供应链专家 医鹭久歌COO 蔡南雄，与您共同探讨  钛媒体APP的微博视频 SHEIN模式可以复制到其他行业么？,2023-08-16,2,0,1,出海参考,2023-08-16 18:43:45
钛媒体APP,【央行增加支农支小再贷款额度350亿元，支持做好6省市抗灾救灾及灾后重建金融服务工作】 钛媒体App 8月16日消息，据央行官网消息，为贯彻落实习近平总书记关于防汛救灾工作的重要指示精神和8月8日国务院常务会议有关精神，中国人民银行决定增加河北、北京、黑龙江、吉林、福建、重庆6省（市）支农支小再贷款额度350亿元，支持这些受灾严重地区抗灾救灾及灾后重建金融服务工作，加强对受灾地区的经营主体特别是小微企业、个体工商户，以及农业、养殖企业和农户的信贷支持。,2023-08-16,0,0,0,,2023-08-16 22:27:15
钛媒体APP,【深圳：依法打击蓄意炒作、造谣抹黑民营企业和企业家的“网络黑嘴”】 钛媒体App 8月16日消息，深圳市印发《关于促进民营经济做大做优做强的若干措施》，推出20条举措，措施提到，大力培育弘扬优秀企业家精神。讲好优秀民营企业和企业家故事，按国家和省有关规定定期表彰一批民营企业和企业家，持续探索对优秀民营企业和企业家的激励机制。依法打击蓄意炒作、造谣抹黑民营企业和企业家的“网络黑嘴”和“黑色产业链”，营造尊重、支持民营企业家成长的社会氛围。,2023-08-16,2,0,1,,2023-08-16 22:25:49
钛媒体APP,【国务院总理李强：要着力扩大国内需求，继续拓展扩消费、促投资政策空间，提振大宗消费】 钛媒体App 8月16日消息，国务院总理李强主持召开国务院第二次全体会议，对做好下一步工作进行再部署、再推进。李强强调，要着力扩大国内需求，继续拓展扩消费、促投资政策空间，提振大宗消费，调动民间投资积极性，扎实做好重大项目前期研究和储备。要着力构建现代化产业体系，加快用新技术新业态改造提升传统产业，大力推进战略性新兴产业集群发展，全面加快制造业数字化转型步伐。要着力深化改革扩大开放，深入实施新一轮国企改革深化提升行动，优化民营企业发展环境，推动外贸稳规模优结构，更大力度吸引和利用外资。要着力促进区域城乡协调发展，深化落实主体功能区战略，深入实施新型城镇化战略和乡村振兴战略，巩固拓展脱贫攻坚成果。要着力防范化解重大风险，有力有序有效推进重点领域实质性化险。要着力保障和改善民生，加大困难群众社会救助兜底保障力度，多渠道促进就业增收。要着力强化防灾减灾救灾和安全生产监管，切实做好灾后恢复工作，深入开展安全生产风险隐患排查整治，最大限度保障人民群众生命财产安全。（央视新闻）,2023-08-16,0,1,0,,2023-08-16 22:24:56
钛媒体APP,"【#腾讯员工一年减少6000余人#】 8月16日，腾讯发布2023年第二季度财报，财报显示，2023年6月30日，本集团有104,503名雇员（2022年6月30日：110,715名）。本集团聘用的雇员数目视乎需要而不时有所变更，而雇员酬金亦根据业内惯例厘定。#腾讯第二季度净利润375.48亿元# 腾讯该季度营收1492亿元，上年同期营收1340.34亿元，市场预期1519.55亿元；第二季度净利润261.71亿元，同比增长41%。",2023-08-16,1,1,1,"腾讯员工一年减少6000余人,腾讯第二季度净利润375.48亿元",2023-08-16 20:29:23
钛媒体APP,【李强主持召开国务院第二次全体会议】 钛媒体App 8月16日消息，李强主持召开国务院第二次全体会议强调，全面落实党中央决策部署，坚定不移推动高质量发展，大力提升行政效能，为完成各项任务提供有力保障。（央视新闻） ,2023-08-16,0,0,0,,2023-08-16 20:03:11
钛媒体APP,【种子轮4650万美金，英伟达与Benchmark共投AI初创企业MindsDB】 钛媒体App 8月16日消息，最近，英伟达连投9家AI公司，涵盖了B端与C端、大模型与应用、AI与视频的结合、AI与生物医药的结合、人形机器人，甚至开始布局更底层的云服务，以确保其AI芯片仍然是云服务商运营不可或缺的一部分，并挑战占据主导地位的传统云服务厂商。上周，英伟达再次投了一家AI初创企业MindsDB，这次则是中间层。而除了英伟达外，其投资人还包括了Benchmark、Mayfield、YC、Walden Catalyst以及专投开源项目的OpenOcean等，使其整个种子轮融资金额达到了4650万美金，整体融资额则达到了5000万美金。据悉，MindsDB可以看成一个AI虚拟数据库，其使命是通过让全球软件开发者能够在其产品中实现AI能力。通过其解决方案，可以使开发者无论是否了解AI，都能够生成、管理和整合AI模型到现有的软件基础架构中。（格隆汇）,2023-08-16,0,0,0,,2023-08-16 20:01:32
钛媒体APP,【四川一城区鼓励房地产开发商降价促销，团购优惠不限制跌幅】 钛媒体App 8月16日消息，四川省雅安市经开区日前发布《支持刚性和改善性住房需求确保房地产市场平稳健康发展的十五条措施》。文件除了在对居民购房给予补贴之外，比较引人瞩目的是鼓励房地产企业促销，团购优惠不限制跌幅。“经开区15条”明确提出，全力支持房地产开发企业积极开展针对党政机关、企事业单位职工、医务人员、教师、外来务工人员、三区在外工作人员等群体购买商品房的团购活动，开发企业团购优惠价格不计入商品房备案价格跌幅比例范围。（第一财经）,2023-08-16,1,0,0,,2023-08-16 20:00:27
钛媒体APP,#正经知识研究站#  斑马的底色是什么颜色？  网页链接 ,2023-08-16,62,0,0,正经知识研究站,2023-08-16 18:12:08
钛媒体APP,【又见“公章争夺战”：中信信托一贵州项目印鉴外借时遭抢夺】 钛媒体App 8月16日消息，从相关渠道获得一封中信信托有限责任公司（中信信托）写给中国国际经济咨询有限公司（中信咨询）的感谢信，信中提及，8月11日，中信咨询驻场中信信托某贵阳项目，在印鉴外借途中发生抢夺印鉴的突发情况，两名同事面对抢夺印鉴这一突发情况，没有丝毫迟疑，勇敢的将印鉴追回。虽然感谢信中并未提及抢夺印鉴的一方，但一位购买了君琨基金的信托投资者表示，该信托产品底层为融创集团在贵阳、成都和绍兴的三个地产项目。 (界面),2023-08-16,0,1,0,,2023-08-16 17:42:02
钛媒体APP,【碧桂园地产集团：“19碧地03、20碧地03、20碧地04”兑付存在重大不确定性】 钛媒体App 8月16日消息，碧桂园地产集团有限公司公告，根据相关规定，“19碧地03”、“20碧地03”、“20碧地04”将自8月18日起按照《通知》有关规定转让并继续停牌。当前公司债券兑付存在重大不确定性，为保障债券持有人权益，公司将严格按照相关债券《募集说明书》及《债券持有人会议规则》等文件约定落实偿债保障措施。,2023-08-16,0,0,0,,2023-08-16 17:27:54
钛媒体APP,叮咚～福利来袭！我正在直播间发红包，千万不要错过，一起来瓜分～更多惊喜我在这里等你！钛媒体APP的微博视频 ,2023-08-16,0,0,0,,2023-08-16 16:57:13
钛媒体APP,#腾讯第二季度净利润375.48亿元# 【腾讯控股第二季度净利润261.71亿元，同比增长41%】 钛媒体App 8月16日消息，腾讯发布2023年第二季度财报，该季度营收1492亿元，上年同期营收1340.34亿元，市场预期1519.55亿元；第二季度净利润261.71亿元，同比增长41%。 ,2023-08-16,1,0,0,腾讯第二季度净利润375.48亿元,2023-08-16 16:46:19
钛媒体APP,#基金 股票# 【#钛媒体每日收评# ｜今日港股收评：恒指收跌1.36%，恒大汽车跌超16%】8月16日，港股三大指数下跌。截至收盘，恒生指数跌1.36%，报18329.30点；恒生科技指数跌1.27%，报4126.13点；国企指数跌1.47%，报6272.66点。今日，南下资金净流出8.82亿港元，其中港股通（沪）净流入6.95亿港元，港股通（深）净流出15.77亿港元。盘面上，大型科技股多数下跌，蔚来跌超5%，小鹏汽车、商汤跌超3%；港口航运股普跌，海丰国际跌超11%，东方海外国际、远航港口跌超4%；汽车股继续维持跌势，蔚来跌超5%，小鹏汽车、零跑汽车跌超3%；农产品股大跌，洪九果品跌超16%；影视娱乐股普涨，数字万国涨超6%，力天影业跌超4%；内房股回暖，龙湖集团、融创中国涨超3%，碧桂园、美的置业涨超2%。消息面：1、中银证券表示，今明两年集装箱船的交付量将会明显增加，后续集运市场运价仍将面临一定压力，但一定程度上供给端的压力或将部分被班轮公司通过减速航行和停航的举措所抵消，或者被因争夺市场份额的“价格战”进一步加剧。2、近期多家新能源车企开启新一轮优惠促销。其中，特斯拉刚降完主力车型，高端车型再次降价，Model S现车75.49万元起售，原价80.89万元；Model X现车83.69万元起售，原价89.89万元。特斯拉此轮降价最高达到6.2万元。3、据猫眼专业版数据，电影《孤注一掷》累计票房突破20亿，2023年暑期档共4部影片票房突破20亿，创下影史暑期档新高。分别为《消失的她》《八角笼中》《封神第一部》《孤注一掷》。4、8月15日，中国人民银行官网发布消息称，2023年8月15日人民银行开展2040亿元公开市场逆回购操作和4010亿元中期借贷便利（MLF）操作， 其中MLF中标利率2.5%，较此前2.65%下调15个基点。多位市场分析人士表示，MLF利率下调，有助于带动LPR利率同步调降，有助于降低房贷利率，促进房地产复苏回暖。5、恒大汽车尾盘再度跳水，最终收跌16.18%，报1.45港元/股，该股此前一度因纽顿集团以对恒大汽车进行5亿美元的战投股价大涨。但查阅资料后发现，这家总部位于阿联酋迪拜的电动汽车企业创始人为41岁的中国人吴楠。在翻阅纽顿近三年的年报后发现，2020年、2021年和2022年，纽顿均无营收，截至2022年末，公司持有的现金及现金等价物约2.119亿美元。6、诺辉健康午后跳水，一度跌近16%，最终收跌6.88%，报18.42港元/股。针对J Capital Investment发布诺辉健康财务数据造假的调查报告，诺辉健康相关负责人称：关注到香港做空机构J Capital Investment的报告，该报告信息严重歪曲事实，意图伤害我公司声誉。我们将采取法律手段追责并保护公司的合法权益。我们在港交所发布的信息均真实合规。下周一下午港交所盘后，静默期后，我们将会召开系列投资人沟通会和媒体交流会，公开透明沟通公司发展和业绩信息。,2023-08-16,0,0,0,"基金 股票,钛媒体每日收评",2023-08-16 16:43:13
钛媒体APP,【印度不再从中国进口手机：每年1.8亿支的订单没了】 钛媒体App 8月16日消息，近日有消息称，近年来，随着印度在手机制造的产业生态日渐完备，它已经几乎不再需要从中国进口手机整机。数据统计显示，2014年，中国每年向印度出口的手机数量可达1.8亿部，而到2022年，这一数字降至219万部。过百亿的资金正在涌入印度的制造业，大量的印度年轻人聚集在印度诺伊达、哈里亚纳邦等地的工业园区，开始为来自全球主流智能手机品牌的雇主打工。在完成组装环节后，这些手机就会被运往包括美国、英国等多个国家直接进行销售。目前，中国的手机制造商小米、OPPO和vivo都已经实现了在印度的生产制造。同时，三星目前能在印度制造所有的旗舰手机，苹果公司计划到2025年将25%的生产转移到印度。而在两年前并不是这样。“苹果和三星在过去两年里实现了显著增长。”Counterpoint高级分析师Shilpi Jain表示，印度政府正在推动智能手机制造商增加本地价值，包括制造本地化。（第一财经）,2023-08-16,0,2,1,,2023-08-16 16:38:24
钛媒体APP,【推动新能源汽车下乡，三年内浙江将在乡村至少建90万个充电桩】 钛媒体App 8月16日消息，为扩大新能源汽车消费，促进乡村全面振兴，到2025年，浙江全省将累计建成充电桩230万个以上、乡村不少于90万个，其中建成公共充电桩12万个、乡村不少于2万个，满足400万辆以上新能源汽车充电需求；新能源汽车年销量达到100万辆以上，建成新能源汽车维保服务网点超500家；全省车桩比降至1.5:1。,2023-08-16,0,0,0,,2023-08-16 16:34:38
钛媒体APP,#基金 股票# 【#钛媒体每日收评# ｜今日A股收评：沪指收跌0.82%，券商、地产股走高】截止8月16日收盘，沪指报3150.13点，跌0.82%，成交额为3036亿元（上一交易日成交额为3008亿元）；深成指报10579.56点，跌0.94%，成交额为4006亿元（上一交易日成交额为4057亿元）；创业板指报2132.97点，跌0.73%，成交额为1887亿元（上一交易日成交额为1912亿元）。两市全天成交额7042万元，与上一交易日基本持平，近4000股下跌。今日，北上资金净流出26.29亿元，其中沪股通净流出29.40亿元，深股通净流入3.11亿元。板块方面，证券板块持续拉升，华林证券涨停，信达证券、首创证券涨超7%；房地产开发涨幅居前，天房发展、渝开发、京投发展等多股涨停；新型城镇化板块午后拉升，山水比德一度20cm涨停，收涨13.78%，苏州规划涨超13%；互联网金融板块上涨，慧博云通20CM涨停，赢时胜涨超13%；算力概念震荡下挫，润泽科技跌超12%，科大讯飞跌超8%；通信设备板块走低，鼎通科技跌超10%，兆龙互连跌超7%。消息面：1、知情人士称中国正在考虑下调股票交易印花税税率。这将是2008年以来的首次下调，也是提振中国股市信心的重大举措。知情人士称，根据中国国务院的指示，包括财政部在内的监管机构正在讨论起草方案。有关下调时机和幅度的细节尚未确定，也不能保证中国高级领导层会批准该方案。2、中国人民银行官网8月15日发布公告，为对冲税期高峰等因素的影响，维护银行体系流动性合理充裕，2023年8月15日人民银行开展2040亿元公开市场逆回购操作和4010亿元中期借贷便利（MLF）操作，中标利率分别为1.80%，2.5%，上次分别为1.90%，2.65%。3、浙商证券指出，AI选股进入“去伪存真”阶段，下半年看好AI应用迎来政策与需求共振。一方面，大模型监管政策不断完善，全面商用化的时点渐行渐近。另一方面，国内软件的大模型应用产品将在下半年密集发布。4、国家统计局数据显示，7月份，70个大中城市商品住宅销售价格上涨城市个数减少，各线城市商品住宅销售价格环比持平或下降、同比有涨有降。,2023-08-16,0,0,0,"基金 股票,钛媒体每日收评",2023-08-16 16:13:03
钛媒体APP,【快30了还在做基础岗 该继续在大城市还是回老家？| #职场研究所#】“30岁焦虑”如何应对？努力没有结果、发展迷茫，是哪里出了问题？如何提升自己的信心或者优势？近年，大批年轻人润离一线， 涌入二线，他们的现状如何？本期钛媒体《职场研究所》邀请到 职业生涯规划师@Tracy谈晓娟 、北京云政律师事务所@卜若梁  聊聊职场年龄焦虑。直播回放：网页链接 快30了还在做基础岗 该继续在大城市还是回老家？,2023-08-16,1,0,1,职场研究所,2023-08-16 15:44:27
钛媒体APP,【诺辉健康被指财务造假，回应：报告严重歪曲事实，将采取法律手段追责】 钛媒体App 8月16日消息，财经咨讯服务媒体Capitalwatch发布了一份诺辉健康财务数据造假的调查报告，报告指出，诺辉公司通过不断压货方式，营造九成虚假销售收入。今日盘中，诺辉健康一度急跌20%，截至发稿，跌幅收窄至9%。对此，诺辉健康回复钛媒体App称，“我们关注到香港做空机构J Capital Investment的报告。该报告信息严重歪曲事实，意图伤害我公司声誉。我们将采取法律手段追责并保护公司的合法权益。我们在港交所发布的信息均真实合规。下周一下午港交所盘后，静默期后，我们将会召开系列投资人沟通会和媒体交流会，公开透明沟通公司发展和业绩信息。”据了解，诺辉健康将于8月21日（下周一）港交所盘后发布2023年中期业绩。,2023-08-16,0,0,0,,2023-08-16 15:37:28
钛媒体APP,【《北京市促进机器人产业创新发展的若干措施》印发】 钛媒体App 8月16日消息，北京市经济和信息化局印发 《北京市促进机器人产业创新发展的若干措施》提出，组织实施机器人产业“筑基”工程，发布产业关键技术攻关清单，围绕机器人操作系统、高性能专用芯片和伺服电机、减速器、控制器、传感器等关键零部件，以及人工智能、多模态大模型等相关技术，支持企业组建联合体，通过“揭榜挂帅”聚力解决机器人产业短板问题和“卡脖子”技术难题。根据攻关投入予以支持，最高3000万元。,2023-08-16,0,0,0,,2023-08-16 15:35:56
钛媒体APP,【充电10分钟行驶800里？宁德时代发布神行超充电池】 钛媒体App 8月16日消息，宁德时代发布新产品神行超充电池，这是全球首款磷酸铁锂4C超充电池，可实现“充电10分钟，行驶800里”。电池将于2023年底量产，2024年一季度上市。 #宁德时代# ,2023-08-16,0,1,1,宁德时代,2023-08-16 15:26:06
钛媒体APP,【国家发改委：推进虹桥国际开放枢纽区域内智能网联汽车测试牌照和测试结果互认互通】 钛媒体App 8月16日消息，国家发改委印发《关于推动虹桥国际开放枢纽进一步提升能级的若干政策措施》。其中提出，推进虹桥国际开放枢纽区域内智能网联汽车测试牌照和测试结果互认互通，支持在虹桥—昆山—相城、嘉昆太协同创新圈等区域构建智能网联汽车道路测试区，率先开放跨省市道路测试。,2023-08-16,0,0,0,,2023-08-16 15:20:48
钛媒体APP,【国家发改委：支持虹桥商务区内符合条件的企业率先试点跨国公司本外币一体化资金池政策】 钛媒体App 8月16日消息，国家发展改革委发布关于印发《关于推动虹桥国际开放枢纽进一步提升能级的若干政策措施》的通知。其中指出，支持虹桥商务区打造“丝路电商”合作先行区辐射引领区，率先与相关国家合作试点国际高标准电子商务规则，探索互利共赢的合作新模式。支持虹桥商务区内符合条件的企业率先试点跨国公司本外币一体化资金池政策，允许主办企业在一定额度内购汇，允许跨国公司在境内办理境外成员企业本外币境外集中收付业务，赋予企业更多资金汇兑自主权。,2023-08-16,0,0,0,,2023-08-16 15:19:06
钛媒体APP,【特斯拉下调Model S/X售价】 钛媒体App 8月16日消息，据特斯拉官方微信，特斯拉再次降价，Model S现车75.49万元起售，原价80.89万元；Model X 现车83.69万元起售，原价89.89万元。 ,2023-08-16,0,0,0,,2023-08-16 13:25:28
钛媒体APP,【恒大回应许家印离婚传闻：不清楚，没有消息】#恒大公告未将丁玉梅称为许家印配偶#  #许家印被传离婚# 钛媒体App 8月16日消息，8月16日，“许家印离婚”的说法在网上流传。起因是中国恒大8月14日夜间发布的公告中，丁玉梅女士被定义为“独立于本公司及其关联人士的第三方”，并未如此前一般被列为许家印的配偶。恒大方面对此表示“不清楚，没有消息”。此前，在中国恒大发布的2021年中期报告中，丁玉梅女士仍然是以“许太太”的名义出现。（上证报）,2023-08-16,1,1,1,"恒大公告未将丁玉梅称为许家印配偶,许家印被传离婚",2023-08-16 13:05:52
钛媒体APP,#基金 股票# 【#钛媒体每日收评# ｜港股午评：恒指跌1.39%报18323.22点，恒大汽车跌近7%】钛媒体App 8月16日消息，香港恒生指数跌1.39%，报18323.22点，恒生科技指数跌1.28%，报4125.49点，国企指数跌1.36%，报6279.94点，红筹指数跌0.31%，报3615.66点。板块方面，汽车经销商概念股、在线教育概念股领涨；体育用品概念股、物业租赁概念股领跌。远洋集团涨超13%，恒大汽车跌近7%，阿里巴巴-SW跌1.86%，腾讯控股跌1.14%，京东集团-SW跌0.91%，小米集团-W跌0.34%，网易-S涨0.18%，美团-W跌1.79%，快手-W跌2.4%，哔哩哔哩-W跌2.99%。,2023-08-16,0,0,0,"基金 股票,钛媒体每日收评",2023-08-16 12:23:10
钛媒体APP,#基金 股票# 【#钛媒体每日收评# ｜A股午评：沪指跌0.25%报3168.32点，证券板块领涨】钛媒体App 8月16日消息，A股三大指数早盘小幅调整，截止收盘，沪指跌0.25%，报3168.32点，深成指跌0.22%，报10655.8点，创业板指跌0.03%，报2148.04点，科创50指数跌0.53%，报912.61点。板块题材上，证券、房地产开发、互联网金融涨幅居前，供销社、AI概念股跌幅居前。盘面上，证券板块领涨，华林证券、信达证券双双涨停，首创证券涨停炸板。房地产开发涨幅居前，天房发展、渝开发双双涨停。供销社概念领跌，中农立华、浙农股份等跌近4%。AI概念股跌幅居前，科大讯飞跌超7%，鸿博股份、拓维信息等纷纷跟跌。总体上个股跌多涨少，两市近2700只个下跌。沪深两市今日成交额4432亿，较上个交易日放量155亿。北向资金方面，沪股通早盘净流出29.12亿，深股通早盘净流出7.27亿。,2023-08-16,0,0,0,"基金 股票,钛媒体每日收评",2023-08-16 11:38:42
钛媒体APP,【钉钉内测个人版，AI服务限时免费】 钛媒体App 8月16日消息，钉钉个人版正式启动内测，所有人可在钉钉官网申请加入测试。申请通过后，用户可抢先体验各类AI服务，目前文生文、文生图、角色化对话以及AI创作等服务均限时免费。钉钉个人版负责人表示，除了支持升级会员版本提高功能权益外，钉钉个人版在商业化设计方面，也将率先推出“算粒”这一AI服务的计量单位，用户使用 AI 问答、AI 图片将会消耗不同数量的算粒，消耗完之后将只能使用免费的限额次数，或者增购算粒。,2023-08-16,0,0,0,,2023-08-16 10:45:33
钛媒体APP,#基金 股票# 【#钛媒体每日收评# ｜今日美股收评：三大股指均跌超1%，美国7月零售销售数据增长超预期】北京时间8月16日早晨，美股周二收跌，三大股指跌幅均超1%。银行股普遍下跌。惠誉警告称可能下调美国数十家银行的评级。截至收盘，道指跌1.02%，报34946.39点；纳指跌1.14%，报13631.05点；标普500指数跌1.16%，报4437.86点。盘面上，大型科技股多数收跌，苹果收跌 1.12%，微软收跌 0.67%，微软必应CEO表示：有对外提供API，但因价格昂贵只有少数公司使用，谷歌收跌 1.18%，亚马逊跌 2.06%，英伟达涨 0.43%，Meta跌 1.38%，特斯拉跌 2.84%，特斯拉计划组建一个20人左右的本地运营团队，以推动自动驾驶解决方案FSD（Full Self-Drive）在中国市场落地，FSR涨0.54%，FISKER与特斯拉签署协议，将为客户提供特斯拉超级充电网络的使用权限，越南电动汽车生产商VinFast Auto借壳上市首日收涨超254%，总市值超860亿美元（流通市值8亿美元），成全球第五大汽车股；中概股多数收跌，KWEB跌2.09%，台积电跌 1.49%，阿里跌2%，阿里巴巴北京总部园区预计12月底交付，拼多多跌 3.2%，京东跌 2.15%，百度跌 1.64%，百度旗下集度汽车更名极越，已获生产资质，理想涨 1.63%，理想汽车上周销量0.72万，向3万以上月销量目标稳健迈进，蔚来跌 5.51%，蔚来硬件副总裁表示：未来1-2年，蔚来一些关键自研芯片会量产，小鹏跌 0.8%，华住涨 0.22%，新东方跌 3.69%，瑞幸咖啡跌 0.64%，富途跌 1.85%，名创优品涨 3.8%，EH跌 3.21%。消息面1、摩根大通、花旗集团、富国银行和美国银行等普遍走低，此前惠誉评级机构的一位分析师警告称，美国银行业已经逐渐接近另一场动荡的开始，可能会全面下调美国数十家银行的评级，其中甚至可能包括摩根大通这样的大型银行。上周，穆迪下调了美国10家中小型银行的评级，并将一些大型金融机构列入降级观察名单。2、美国商务部报告称，美国7月零售销售环比增长0.7%，为2023年1月以来最大增幅，实现连续四个月增长。此前市场预期该数字将增长0.4%。这份报告显示，由于通胀放缓，7月份消费者支出保持良好，本月零售销售表现强于预期。3、美国劳工部周二公布的数据显示，进口价格上涨0.4%，高于预期的0.2%和前值的-0.1%。美国进口商品价格在连续几个月下降后出现了上涨。主要原因是燃料进口价格上涨，在6月小幅上涨后，7月燃料进口价格上涨3.6%，其中成品油价格显著上涨3.5%。此外，资本货物、食品、饲料、饮料和汽车的进口价格都上涨了。4、特斯拉官网显示，特斯拉在美国推出了价格更低的新款Model X标准续航版和新款Model S标准续航版。而就在周一，特斯拉中国发布消息称，国产特斯拉Model3现车8000元限时保险补贴上线；且Model Y长续航版起售价从31.39万元调整为29.99万元，Model Y高性能版从36.39万元调整为34.99万元。5、当地时间14日，Netflix宣布，作为在加拿大和英国进行的测试的一部分，该公司正在将其提供的游戏扩展至电视、PC和Mac。目前，Netflix游戏还不能在Apple TV上使用，但该公司表示，其他设备将“持续增加”。6、腾讯音乐Q2营收72.9元，同比增长5.5%；非国际财务报告准则公司权益持有人应占净利润为15.3亿元，同比增长48.6%。7、纽约商品交易所9月交割的西德州中质原油（WTI）期货价格下跌1.52美元，跌幅为1.84%，收于每桶80.99美元。其他市场面，纽约商品交易所12月交割的黄金期货价格收跌0.45%，收于每盎司1935.2美元。,2023-08-16,0,0,0,"基金 股票,钛媒体每日收评",2023-08-16 09:47:57
钛媒体APP,【人民币兑美元中间价报7.1986，调贬218个基点】 钛媒体App 8月16日消息，人民币兑美元中间价报7.1986，调贬218个基点。 ,2023-08-16,0,0,0,,2023-08-16 09:44:26
钛媒体APP,【国家统计局：7月各线城市商品住宅销售价格环比稳中略降】 钛媒体App 8月16日消息，国家统计局数据显示，7月份，70个大中城市商品住宅销售价格上涨城市个数减少，各线城市商品住宅销售价格环比持平或下降、同比有涨有降。从新建商品住宅看，7月份，一线城市新建商品住宅销售价格环比连续两月持平，其中北京和上海环比分别上涨0.4%和0.2%，广州和深圳环比分别下降0.2%和0.6%；二线城市新建商品住宅销售价格环比由上月持平转为下降0.2%；三线城市新建商品住宅销售价格环比下降0.3%，降幅比上月扩大0.2个百分点。从二手住宅看，7月份，一线城市二手住宅销售价格环比下降0.8%，降幅比上月扩大0.1个百分点；二线城市二手住宅销售价格环比下降0.5%，降幅比上月扩大0.1个百分点；三线城市二手住宅销售价格环比下降0.4%，降幅与上月相同。7月份，70个大中城市中，新建商品住宅和二手住宅销售价格环比上涨城市分别有20个和6个，比上月分别减少11个和1个。,2023-08-16,0,1,0,,2023-08-16 09:42:43
虎嗅APP,【#网红铁头称暂时不会碰教培领域# 】#网红铁头呼吁不要去恶意中伤商家# 前段时间，网红博主“铁头惩恶扬善”（下称“铁头”）举报杭州新东方违规补课的行为引发热议和关注。近日，“铁头”自称收到吐鲁番商务局邀请前去助农带货，但在直播进行时却出现大量网友“唱反调”，最后直播不得不草草收场。对此，“铁头”解释称，此次直播带货只是因为答应了官方邀约，如有相关佣金费用也会全部捐给贫困儿童。“我答应了我就去做，就这么简单。”此外，对于有商家受影响取消合作一事，“铁头”呼吁不要去恶意中伤商家，他暂时也不会触碰教培领域。（红星新闻）@凤凰网财经 凤凰网财经的微博视频,2023-08-17,0,1,1,"网红铁头称暂时不会碰教培领域,网红铁头呼吁不要去恶意中伤商家",2023-08-17 09:25:00
虎嗅APP,【#恒大地产因信批违规被证监会立案调查#】财联社8月16日电，恒大地产在上交所发布公告称，因涉嫌信息披露违规，被证监会立案调查。据了解，随着监管层大力规范公司治理和信息披露，信披违规已成为近年上市公司被立案调查的主要原因。今年1-7月，67家上市公司因信披违规被立案调查。(财联社）@贝壳财经视频 贝壳财经视频的微博视频,2023-08-17,2,0,0,恒大地产因信批违规被证监会立案调查,2023-08-17 09:01:55
虎嗅APP,#虎夜聊天室# 【《孤注一掷》爆火，热点是电影的法宝还是枷锁？】“热搜电影”，“热点综艺”，这些近年来大行其道的新词汇，似乎预示着一个全新的商业套路已经在娱乐产业中悄然兴起。从昔日的戴着金丝边眼镜、三件套笔挺的产业精英，到如今穿着卫衣、牛仔裤侃侃而谈的“80后”“90后”青年，娱乐产业的生态正在经历巨大的变迁。那些曾被视为行业门槛的“关系网”“资源禀赋”渐渐被年轻人的创新思维冲破，娱乐产业的参与主体也在逐步扩大。然而在浪潮背后，“热点”的力量却成为一种不容忽视的双刃剑——它能迅速聚焦公众的视线，但也可能成为制约创意、异化内容的隐形枷锁。当“热点”被当作制胜的法宝时，它所带来的将是一场场看热闹的盛宴，还是一次次诚恳的交流呢？这些都值得我们深入思考。所谓“社会热点”，简单来说就是在一定时期内受到公众高度关注的事件或话题。这种关注往往源于某种社会“痛点”的存在。比如最近几年频繁出现的电信网络诈骗，严重危害广大民众的财产安全。2022 年全国共破获了 46.4 万余起电信网络诈骗案件，涉案金额达上万亿元人民币。与此同时，跨境赌博犯罪也屡禁不止，严重危害国家利益和人民群众身心健康。在这样的背景下，以跨国电信诈骗为题材的电影《孤注一掷》应运而生。这部犯罪悬疑片，聚焦跨国电信网络诈骗集团犯罪手段残酷、受害群体惨痛等社会现实，引发广泛关注。8月5日上映首日，《孤注一掷》就取得近2亿元的票房，10天内累计票房突破10亿大关。在“反诈骗”这一社会热点的吸睛效应下，这部原本质量一般的商业片获得了出人意料的高关注度。事实上，近年来许多影视作品都借助社会热点积聚视线，取得超乎寻常的关注度。这种商业运作手段已被概括为“热搜电影”“热搜综艺”等词汇。它利用公众对某一社会事件或话题的热议，迅速汇聚眼球，并在首轮曝光中迅猛拉动票房或点击量，从而获得商业成功。如这个暑假同样被称为“热搜电影”的《消失的她》，它的成功就源自捕捉到了当前社会普遍关注的恋爱脑和女性权益等热点。可以说，“社会热点+娱乐包装”已经成为广受行业欢迎的新套路。时至今日，“热点”效应似乎被娱乐产业“解剖”“利用”得更加精细和频繁。它已经成为影视内容制胜的重要法宝，也让娱乐产业的生态呈现出新的变化。利用热点获得关注本身是一把双刃剑，它能快速聚拢眼球，但也可能导致作品内容的异化。当社会热点成为营销的工具，原本重要的价值内核往往被忽视。以《孤注一掷》为例，这部电影无疑抓住了反诈骗的社会热点。片中大量细节来源于警方提供的真实案件，导演也多次强调“每一个案件背后都是家庭的崩溃”。在这一点上，影片离社会现实很近，也获得不少良好反响。但除却这个反诈骗的主线外，影片人物刻画和剧情脉络都存在一定问题。最突兀的一例就是反派男二阿才对女主角安娜的所谓“纯爱”。影片前期，阿才一直残忍地折磨安娜，甚至用牙签残忍地翘起她的指甲。但在后期突然转变，为安娜解围并放她离开。这一转变非常离谱，让观众大跌眼镜。阿才一个暴力分子，怎么可能对被自己折磨的安娜产生爱意？他放走安娜对自己又无任何好处。很显然，这纯属为了制造剧情转折而随意安排的剧情，完全不合常理。这种“反派变身纯爱战士”的设置无疑成为影片叙事逻辑中最荒诞突兀的问题。观众把它讽刺为“反诈片搞纯爱”，可以说已经道出了这种剧情反转的荒谬之处。这种仅为制造戏剧冲突而人为设计的情节，无疑让影片的反诈主线也荒诞难堪。评论认为，如果去除反诈骗这一热点话题，仅凭人物和剧情，这部电影的质量并不出众。它正是依靠社会热点吸引眼球，才获得超乎寻常的关注度。的确，仅凭社会热点来制造内容热度，容易使之沦为消费主义和观赏性的附庸。它可能会削弱文娱内容的内在价值，使之变成热点话题的附属品。《孤注一掷》爆火，热点是电影的法宝还是枷锁？（作者：逸见）,2023-08-16,5,1,0,虎夜聊天室,2023-08-16 22:10:00
虎嗅APP,【00后暑假工青春的售价：一小时4块钱】经济独立，是很多大学生的终极梦想。暑假来临，“无所事事”成为大学生们最恐惧的生活状态，放假在家口袋空空，唯有大把的时间可以挥霍，宅在家里的时间越长，焦虑就会随之成倍增长。找份暑假工开始成为很多00后的第一要务，忙碌充实、自由短期、还能顺便赚点快钱。当第一批00后开始整顿职场之际，未毕业的大学生们也十分期待成为“暑假工侠”，赚钱是次要的，靠多送一块麦乐鸡、把中杯做成大杯来“玩转资本家”，才是暑假工的主线任务。对工作的一切不满，都将成为顾客奶茶里满满的小料。他们原本对这个暑假有着详尽的计划，包括上岗后的为人处世、摸鱼技巧和工资怎么花，只是没想到，第一盆冷水从找工作开始就已经被泼下。很多人即便对就业难有所耳闻，但没想到连暑假的兼职也这么难找。青春不再没有售价，00后开始被几块钱一小时的暑假工量化。00后大学生，似乎已经成长为最务实的一批年轻人。作为一个盛产各类“特种兵”的群体，“不怕吃苦不怕挨累”是当代大学生的显著特性，人均掌握了“苦中作乐”的核心技能。高能量和体力是年轻人的特性，面对极低的时薪，他们会率先自嘲为“廉价劳动力”。在很多人眼中，成为暑假工和穷游一样，都是丰富人生体验的素材，哪怕工作一个月1500无休还是愿意火速上岗。“放假也没钱出门玩，在家躺着被爸妈看不顺眼，还不如出门打工，充实有钱赚。”工作没高低，00后成为率先实践这个概念的一批人，无论在哪个学校读什么专业，都不妨碍他们急着在暑假为自己找份“体力活”。找工作就找自己熟悉并喜欢的，暑期开始，有无数大学生涌入餐饮行业。奶茶店成为很多人的首选，上手快、工作氛围适合年轻人、能蹭上员工福利实现“奶茶自由”。只是没人告诉这些刚刚踏入社会的年轻人，永远不要把打工这件事想象得太美好。如果早9到晚9的工作时长不足以将人劝退，那切不完的橙子、熬不完的珍珠、挖不完的芒果一定可以。铁打的工作步骤，流水的暑假工。在奶茶店工作，每天都像一场现实版的经营类小游戏，区别在于酸痛的肌肉、不停催单的外卖小哥和不讲理的顾客。00后暑假工会将所有戾气，融进每一锤“暴打柠檬”的制作过程中。入身餐饮行业，人就像一个不停打转的陀螺，只有在打卡下班后才能停止旋转，并要负责打扫店内的卫生。餐饮行业的短工时薪从6元一小时到12、13元不等，人员缺口大又好上手，每个暑期，餐饮行业中都吸纳了市面最多的学生工。但当雇主庆幸自己在收获廉价劳动力的同时，命运也为他们暗暗标好了价码，人工成本缩减的同时，自家后厨的配方很可能早被抄底。暑假工圈流传着“三不进”经验总结：不进餐饮、不去刷单、不要进厂。成为严格意义上的流水线一员，习惯“有脑训练”的大学生似乎很难适应这份“无脑工作”，除了机械的工作内容，也有逃不过的组内人情世故，得罪组长转天就会被安排更辛苦的工作，短期工也会被长期工排挤。暑假工进厂最开心的只有两天，被录用的那天，和签离职单走人的那天。在网上搜索“暑假工”时，会发现画廊、咖啡厅、书店和电影院检票员，是暑期临时工中最为紧俏的“体面工作”。工作环境好和清闲是最大的硬实力，但只有极少数大学生才能找到这样的工作。如果脱离一、二线及省会城市外，相近的职位就会迎来另一轮的断崖式下跌。幸运者总是少数，一天赚80已经算得上高收入暑假工。赚着最低时薪的大学生们，总会想办法化身“暑假工侠”来试图亏死资本家，如同打满每个经手的冰淇凌甜筒。00后暑假工青春的售价：一小时4块钱（作者：五环外）,2023-08-16,7,0,0,,2023-08-16 21:00:00
虎嗅APP,【北上广中产们下一代的宿命：出道即巅峰】上周我全家从外地回上海，晚上九点到虹桥火车站。我看时间还早，就想坐地铁回家算了。虽说拎着大包小包，但好在火车地铁无缝连接，并不麻烦。但我们家的儿子，一定要打车，不肯坐地铁。好像在他眼里，打车和地铁唯一的区别就是耗费的时间不一样。既然打车更快，那为什么不打车呢？真是不当家不知柴米贵。不过似乎也不能全怪他，毕竟我们每次带他去外地玩，不是租车就是打车，给他打上了不管去哪都要坐车的思想钢印。说起来还是今天的孩子们幸福，从小就跟着爸妈满世界旅游，机场走VIP通道，入住五星级度假酒店，和我小时候相比，他轻易得到了太多我努力了好多年才得到的东西。问题在于，然后呢？享受过爸妈倾力打造的黄金时代以后，等到将来自己工作了，总归要天天挤地铁。跟着我们，周末动不动就下馆子，一个人不得花个50到100。以后要自己开伙，估计吃30左右的外卖。不仅如此，哪怕我赞助资金，撑死了他也就住个100平的小三房鸽子笼，还不知道在郊区哪个偏远楼盘。简单来说，如今的孩子，出道即巅峰，等他要自立了，也该走下坡路了。如此高开低走的人生，他的内心该如何自洽？幸福指数会不会直线下降？我想起电影《爱情神话》里的老白，市中心有自住的老房子，多余的房间租给老外赚外快。自诩是个艺术家，每天想的是在哪里开个人画展，顺带着和同样离异的李小姐劈劈情操。如此闷骚的一个都市中产，他的儿子却：在奶茶店打工。这是我认为电影反映现实的一幕，谁说现在阶层固化了？你看老白不是眼看着就阶层滑落了吗？当然电影没有朝这个方向深挖，只是向着男女情爱的方面一路狂奔。而且很多事情没法明说，奶茶店打工怎么了？好歹自食其力，又没啃老，也没影响国家就业率，有什么好悲哀的。但我相信中产家长们如果真养了个在奶茶店打工的孩子，心里总归不大服气：二十多年辛苦培养，到头来就这？其实这还算好的，还有更多宅在家里的躺平一族，啥也不想干，对生活无欲无求。为啥失去了动力？他们从小就拥有了最好的资源，吃过见过，却发现自己无论怎么努力也超越不过父母。读书时间比上一代人长，但取得的回报还不及上一代人。你说对生活还能有什么期待，干脆躺平。我有时会回顾过去二十多年自己的人生历程，第一次坐火车是到上海读大学，第一次坐飞机是工作以后买不到回家车票才咬牙买的机票，第一次出差就是出国，是父母的骄傲。这些第一次带来的激动心情，我到现在都记得。我想说的是，80后的幸运之处在于，我们一直处在一个上升的周期之内。努力学习，考上大学，找到工作，留在上海，结婚生子，我们实现了父辈的心愿，阶级跳跃。他们走出农门，我们接力，移民大城市。两代人在看到希望的上坡路上，不停奔跑。如此生活三十年，直到大厦崩塌，建成。对于如今已经身处一线的中产们来说，再想继续阶层跨越，确实比较难了。然而社会总是螺旋发展的，人不可能永远走在上坡路上，偶尔有平路，偶尔有波折。到了现在，不要说我的下一代，即使是今天的年轻人，都看不到未来。大家不再有“明天会更好”的信心，只有得过且过、混一天是一天的沮丧。没错，生活是变好了。人均寿命变长了，日常生活更方便，大家随时随地能买到各式各样的吃的喝的。这是时代给予的慷慨回报，也是赛博朋克越来越接近现实的前兆。北上广中产们下一代的宿命：出道即巅峰（作者：秋日么么茶）,2023-08-16,1044,124,418,,2023-08-16 20:30:00
虎嗅APP,【没有房贷的打工人，整顿职场】近日，一个叫“没房贷的下属太可怕了”的话题登上了热搜，起因是有公司的中层管理发现现在没有房贷的下属不能骂，因为他们敢顶嘴。“没房贷的下属太可怕了，我骂他，他居然敢顶嘴。”这是一个看似十分搞笑又十分深刻的话题，背后是“没人能拿捏我”的一代人。上一代职场语境里，有房贷，被视作一种确保下属稳定性的行之有效的手段。自曝房贷，被认为是一种职场生存（拿捏）术。通过种种渠道和场合，向上级和老板传达自己房贷情况，被认为是当代职场投名状。大城市有房贷，意味着稳定，能骂，不会随时说走就走。如今“攻守之势易行了”，主打“无车贷、无房贷、无后代”的三无年轻人，不但不吃这一套，弹指间轻松整顿职场。这是从“不敢”到敢 ，背后正在发生的职场下属变迁。领导请注意：这一代下属，他们可能没有房贷。没有房贷的下属很可怕，你骂他敢顶嘴，不爽随手走人，他们貌似天生不讲过去约定俗成的职场规则。不讲明规则，更不讲潜规则，甚至还会反向整顿。不妨先听听这些来自他们的声音：“没有需求，就不怕被要求。”“干得不爽就换一个，反正下一个也是三千多。”“谨慎的00后选择兜里有1w再炒老板。”“完全就是我！无房贷，无车贷，无后代，甚至不需要给爸妈养老，他们都是铁饭碗，根本不屑于让我养哈哈哈哈哈哈……”“怪不得我一入职领导就催我买房买车，原来是想找到我的软肋，想得美。”一位人到中年的九零后听罢不禁感慨道：“我三十多岁才明白这个道理，00后这么早就懂了，后生可畏啊。”后面则有人跟评：不是年纪让我们懂了，是时代让我们一起懂，人家早懂。一位隔壁老板表示，“看着手下这些00后的孩子，每天都瑟瑟发抖，他们不是开宝马就是开奔驰，要么开几十万的摩托，家里有生意还有别墅的。他们在这上班，主打的是情绪价值。”有个身边的例子，前面跟HR、老板聊得都挺好，最后老板问哪里人，说是本地的，马上就成了“那我们再考虑下”。有人总结如今最让上级害怕的配置是：1. 本地公职父母；2. 无欲无求；3. 有房有车。“坏了，他不是冲钱来的”，这让老板们很难拿捏得住。放眼现在的职场，大量存在这样一种情况，80后上司月薪是95后下属的两三倍，但是过得远不如下属滋润，因为大部分要拿来还房贷车贷。95后的年轻人，要么没房没车没贷款，光脚不怕穿鞋活的比较自由；要么是有房有车但也没贷款，爹妈比80后上司原生家庭有钱多了。所以职场平级化在慢慢发生，你敢吼我试试？辞职不干了！“他的软肋其实是他的房贷”，这一过去屡试不爽的职场拿捏术，正在式微乃至失效，当面对越来越多没有房贷的下属。过去贩卖焦虑那一套，压根没用。没房贷，在职场就没有软肋。要么制造软肋，要么和颜悦色，可听明白了，领导。没有房贷的年轻人，“敢”从何来？一种是“看穿了，不玩了”，当一种目标过高之后，眼见实现无望，那也就索性不指望了。同时，看穿了这一套被设定的人生逻辑，不上道，也就不着道。他们奉行“没有房贷是这个时代最大的自由，其次是孩子”。另一种是“压根不鸟你那一套”，这些00后年轻人显然和80后、90后完全不一样，他们出生拥有更优渥的物质生活，成长过程伴随着时代顺境和移动互联网的高速发展，思维模式、价值取向、职场观念都展现出更完备的特点。不但有底气，而且有脾气。有条件就也有余力“敢”。这种所谓的“敢”，实际上是一种强烈的对决。这一代年轻人没有负担自然没有压力，毫无负担的他们可以完全做我们这代人完全不敢的事情。这是共处这个时代下的一种剧烈变化。没有房贷的打工人，整顿职场（作者：深圳客）,2023-08-16,24,10,3,,2023-08-16 20:00:00
虎嗅APP,【卖奶茶年营收42亿，它踉跄冲击IPO】8月15日晚，港交所官网披露新茶饮企业四川百茶百道实业股份有限公司（简称“茶百道”）的招股书。据招股书，2022年其营收为42.32亿元，年复合增长率达到97.9%；2020年至2022年，净利润的年复合增长率达到101.3%，其中2022年净利润额为9.65亿元。如果只从账面成绩单看，茶百道的增速是行业关注的焦点：根据咨询机构弗若斯特沙利文的报告，茶百道是中国前十大新式茶饮企业中增长最快的一家。按2022年零售额计，茶百道在中国新式茶饮市场中排名第三，市场份额达到6.6%。但在略显拥挤的新茶饮IPO跑道上，茶百道够稳吗？ 卖奶茶年营收42亿，它踉跄冲击IPO,2023-08-16,6,1,1,,2023-08-16 19:30:05
虎嗅APP,【魔毯悬架，新的谎话？】“魔毯”你听说过，“悬架”你也听说过，但你听说过“魔毯悬架”吗？它不是在悬架上简单地铺一层毛毯，以此原始古法来减缓由地面传递至车厢内的振动，增强乘坐舒适性。也不是让车主在开车前，先在心中默念阿拉丁的神奇咒语五十遍，期待下一秒车就能稳若泰山，如履平地。从技术角度，“魔毯悬架”是车上多个功能组件巧妙联动，产生化学反应后的结果。量产这项技术对车企的技术储备和研发能力要求极高，落地后转嫁到消费者身上的成本又因量小很难摊薄。两种因素叠加，导致“魔毯悬架”直到今天，也只有极少部分车企在金字塔尖车款的顶配车型上，进行了象征性搭载。“魔毯悬架”是一项好技术，但它不是一项每个人都能享受到的好技术。 魔毯悬架，新的谎话？,2023-08-16,5,2,2,,2023-08-16 19:00:16
虎嗅APP,【国管公积金：#提高北京租房提取额度至每人每月2000元#】中央国家机关住房资金管理中心发布关于优化住房公积金提取政策进一步规范提取行为的通知。加大北京市行政区域内租房消费支持力度。优化租房提取频次。职工提取住房公积金用于支付房租的，可按月提取住房公积金。提高租房提取额度。职工家庭在北京市行政区域内无自有住房且租赁住房的，可按每人每月2000元限额提取住房公积金。提高多子女家庭租房支付能力。符合国家人口生育政策、在北京市行政区域内无自有住房且租赁住房的多子女职工家庭，可自幼子（女）出生之日起3年内，提取住房公积金账户余额用于支付房租。@贝壳财经视频 贝壳财经视频的微博视频,2023-08-16,3,3,1,提高北京租房提取额度至每人每月2000元,2023-08-16 18:51:34
虎嗅APP,【#俄央行大幅提高关键利率至12%##卢布对美元年内贬值约25%#】当地时间15日，俄罗斯中央银行决定将关键利率从此前的8.5%提高350个基点至12%，以防止俄罗斯卢布汇率继续走低。受此影响，当天卢布对美元汇率回升至1美元兑换97.4217卢布的水平。据今日俄罗斯网站报道，今年以来，卢布对美元贬值约25%。上周，俄罗斯央行宣布，从8月10日至今年年底将不再在国内市场购买外汇，以减少金融市场的波动。@央视财经 央视财经的微博视频,2023-08-16,5,0,0,"俄央行大幅提高关键利率至12%,卢布对美元年内贬值约25%",2023-08-16 18:35:16
虎嗅APP,#山东全面落实带薪休假制度#【山东：全面落实带薪休假制度 鼓励错峰休假、弹性作息】财联社8月16日电，山东省人民政府印发《关于进一步提振扩大消费的若干政策措施》。其中提出，全面落实带薪休假制度，鼓励错峰休假、弹性作息，促进假日消费。支持各市联合汽车生产商、经销商开展汽车更新补贴，建立以旧换新推广车型目录，持有山东号牌的个人消费者报废或转出本人名下老旧燃油汽车，在本地购买以旧换新推广车型范围内的新车、并完成机动车注册登记的，可申领补贴。有条件的市，补贴标准参考10至20万元每辆补贴3000元、20万元以上每辆补贴6000元执行。（财联社）,2023-08-16,10,10,5,山东全面落实带薪休假制度,2023-08-16 18:06:01
虎嗅APP,【#消费贷利率最低触及3%#】近期多家银行推出消费贷利率优惠活动，通过直接降低利率和发放利率优惠券、折扣券等方式吸引客户购买个人消费贷产品，以积极响应7月31日国家发展改革委《关于恢复和扩大消费的措施》提出的“在加强征信体系建设的基础上，合理优化小额消费信贷和信用卡利率、还款期限、授信额度”的要求和号召。从目前来看，消费贷的利率集中在3.3%-3.8%之间，额度多为20万元。与此同时，市场认为随着进一步“降息”，消费贷的利率可能会继续下滑。（21财经）@后海财经 后海财经的微博视频,2023-08-16,3,1,0,消费贷利率最低触及3%,2023-08-16 17:27:33
虎嗅APP,【#旅客未消费坐按摩椅休息被劝离# ，车站：私人租用场地，需盈利】8月15日，江苏扬州。一旅客发视频称，候车时坐在按摩椅上休息，被工作人员要求扫码消费，对于不愿付费的旅客则被工作人员劝离。16日，扬州东站工作人员表示，按摩椅是私人租用场地，进行盈利的，因为一些顾客有需求，所以才设置的。至于此问题，之前也有接到过相关反馈投诉，会再去跟他们协商沟通。@西部决策 西部决策的微博视频,2023-08-16,24,12,1,旅客未消费坐按摩椅休息被劝离,2023-08-16 16:57:58
虎嗅APP,【#70城最新房价#出炉！国家统计局：#7月商品住宅销售价格小幅波动#】国家统计局官网显示，从新建商品住宅看，7月份，一线城市新建商品住宅销售价格环比连续两月持平，其中北京和上海环比分别上涨0.4%和0.2%，广州和深圳环比分别下降0.2%和0.6%；二线城市新建商品住宅销售价格环比由上月持平转为下降0.2%；三线城市新建商品住宅销售价格环比下降0.3%，降幅比上月扩大0.2个百分点。从二手住宅看，7月份，一线城市二手住宅销售价格环比下降0.8%，降幅比上月扩大0.1个百分点；二线城市二手住宅销售价格环比下降0.5%，降幅比上月扩大0.1个百分点；三线城市二手住宅销售价格环比下降0.4%，降幅与上月相同。7月份，70个大中城市中，新建商品住宅和二手住宅销售价格环比上涨城市分别有20个和6个，比上月分别减少11个和1个。@央视财经 央视财经的微博视频,2023-08-16,4,0,0,"70城最新房价,7月商品住宅销售价格小幅波动",2023-08-16 16:34:17
虎嗅APP,【#比亚迪鼓励举报腐败行为##比亚迪举报腐败行为有机会获奖500万#】8月16日，比亚迪审计监察处通过“廉洁比亚迪”微信公众号发文称，公司鼓励全体员工、合作伙伴及其他任何知情人举报腐败行为、提供有效线索，依照举报人保护和奖励规定，予以高额奖励，并严格保密。根据线索价值，举报人有机会获得5千元-500万元，甚至更高奖金。#比亚迪举报腐败有奖最高500万# @泰山财经 泰山财经的微博视频,2023-08-16,6,0,0,"比亚迪鼓励举报腐败行为,比亚迪举报腐败行为有机会获奖500万,比亚迪举报腐败有奖最高500万",2023-08-16 16:07:00
虎嗅APP,#富士康或已开始在印度生产iPhone15#【消息称#富士康开始在印度生产iPhone15手机#】8 月 16 日消息，据彭博社报道，苹果公司的代工厂富士康已经在印度南部的泰米尔纳德邦（Tamil Nadu）开始生产 iPhone 15，以进一步缩小其印度业务与中国大陆主要制造基地之间的差距。报道称，位于斯里佩鲁姆布杜尔的富士康工厂正在“准备交付”新款 iPhone，将在中国工厂开始发货几周后交付。在 iPhone 14 之前，苹果在印度的 iPhone 组装份额只占很小一部分，并且比中国的生产落后六到九个月。报道还称，去年这种“延迟”被缩短了，截至 3 月底，苹果在印度生产了 7% 的 iPhone。据报道，苹果在印度的其他供应商 —— 和硕和正被塔塔集团收购的维信诺，也将“很快”开始组装 iPhone 15。（IT之家）@奇点财经 奇点财经的微博视频,2023-08-16,2,0,0,"富士康或已开始在印度生产iPhone15,富士康开始在印度生产iPhone15手机",2023-08-16 15:39:19
虎嗅APP,【#海口新能源汽车充电费不得超过每度0.65元#】据财联社8月16日消息，近日，海口市发展和改革委员会印发了《关于电动汽车充换电服务费收费标准的通知》。根据《通知》，9月1日起，海口电动汽车（不区分车型）充电服务费上限标准为0.65元/千瓦时（不包含电费）；电动汽车换电服务费包括充电的电费和充电服务费，按车辆行驶里程收取，上限标准为0.60元/公里（包含电费、电池租赁和充换电服务等费用）。@铁骥视频科技频道 铁骥视频科技频道的微博视频,2023-08-16,8,2,1,海口新能源汽车充电费不得超过每度0.65元,2023-08-16 15:15:22
虎嗅APP,【#海底捞回应洗头服务#：是门店进行的个性化创新试点】8月16日，#海底捞可以洗头发了#的话题冲上热搜。有网友称，无锡某海底捞门店可向消费者提供洗头发服务。对此，海底捞回应称，无锡茂业天地店的洗发体验区，是门店进行的个性化创新试点，旨在为会员提供更多权益。（中新经纬）@老板联播 老板联播的微博视频,2023-08-16,2,1,2,"海底捞回应洗头服务,海底捞可以洗头发了",2023-08-16 14:48:00
虎嗅APP,【#恒大回应许家印离婚传闻#：不清楚，没有消息】#许家印与丁玉梅8个月前仍为夫妻# 8月16日，“许家印离婚”的说法在网上流传。起因是中国恒大8月14日夜间发布的公告中，丁玉梅女士被定义为“独立于本公司及其关联人士的第三方”，并未如此前一般被列为许家印的配偶。记者就此向恒大方面求证，对方表示“不清楚，没有消息”。此前，在中国恒大发布的2021年中期报告中，丁玉梅女士仍然是以“许太太”的名义出现。（上证报）@第一财经日报 第一财经日报的微博视频,2023-08-16,2,1,0,"恒大回应许家印离婚传闻,许家印与丁玉梅8个月前仍为夫妻",2023-08-16 14:27:34
虎嗅APP,#钉钉个人版没有打卡已读功能#【AI深度融合，#钉钉个人版融合多项AI工具#】近期，钉钉开启了个人版内测，用户可公开申请体验。据悉，钉钉个人版相较于此前标准版，主要的改变在于剔除了如打卡、报销、邮箱等企业功能，新加入了文档、AI、云盘、会议功能，其中最重要的AI功能，当前支持“文生文”、“文生图”，应用内有大量指令模板，基本满足大部分用户的需求。相关内部人士表示，钉钉推出个人版，主要针对超百万名无企业归属的个人用户，移除了大部分企业功能，更强调个人效率最大化。@财经网 财经网的微博视频,2023-08-16,4,1,2,"钉钉个人版没有打卡已读功能,钉钉个人版融合多项AI工具",2023-08-16 14:00:00
虎嗅APP,【#中国科学家首次在人内心深处发现微塑料#】微塑料真的无处不在！近日，中国科学家团队收集了15名参与者的心脏组织样本以及血液样本，结果在大多数样本中均检测到数万个单独的微塑料碎片。越来越多的证据表明，微塑料在人体中越来越普遍，并且有害，但目前为止，微塑料对健康的影响尚未得到广泛认同和充分理解。@智慧科技迷 智慧科技迷的微博视频,2023-08-16,6,4,3,中国科学家首次在人内心深处发现微塑料,2023-08-16 13:30:00
虎嗅APP,【#遭金毛飞扑撕咬小狗主人发声# ：小狗在治疗，双方达成赔偿协议】8月14日，广东深圳。一只未拴绳金毛朝女子飞扑，撕咬怀中小狗引发关注。目击者陈女士称，遛金毛的人没有牵狗绳，小狗被撕咬主人刘女士哭喊求助，小狗身上多处被咬伤。小狗主人刘女士表示，她的额头也受伤了，报警后她与金毛的主人进行协商，已经达成赔偿协议，被咬伤的小狗还在宠物医院进行治疗。@西部决策 西部决策的微博视频,2023-08-16,5,3,2,遭金毛飞扑撕咬小狗主人发声,2023-08-16 13:00:01
虎嗅APP,【#缅甸一日包车游半年仅售出2份#】#中国游客为何不敢去缅甸了#？ 近年来，由于电信诈骗猖獗等原因，缅甸旅游业遭遇了前所未有的冲击和困境。据新浪热点消息，在缅中企工作人员称不要妖魔化缅甸冲上热搜，引起广泛讨论。在缅甸从业5年的向导小张表示：“今年上半年提供的向导服务还未达到2019年疫情前规模的十分之一，现在一个月只能接待10至20人，且80%为商务考察。”目前，不仅杭州各大旅行社都还没有上架与缅甸相关的旅游产品，杭州也未恢复至缅甸直飞航线；就连各大旅游在线平台，也鲜有当地的跟团游和自由行产品。仅剩的“一日包车游”，在旅游平台上，半年仅售出2份。#缅甸旅游部长期待中国游客重返#（每经网）@麦穗财经 麦穗财经的微博视频,2023-08-16,6,3,0,"缅甸一日包车游半年仅售出2份,中国游客为何不敢去缅甸了,缅甸旅游部长期待中国游客重返",2023-08-16 12:30:00
虎嗅APP,#戴耳机别超过一小时# 小调查：你平时戴耳机的时间大概多久？  网页链接 ,2023-08-16,298,4,1,戴耳机别超过一小时,2023-08-16 12:06:05
虎嗅APP,【#多家公司吐槽LOGO变成视觉中国版权图# 】#视觉中国存在180多条法律诉讼信息# 近日，“自己拍的照片被视觉中国告侵权“登上热搜。事实上，视觉中国早已多次陷入图片版权争议。早在2019年，视觉中国曾遭到共青团中央官微对其拥有国徽、国旗图片版权的质疑，图片版权问题迅速成为公众讨论焦点。多家知名公司官微此前也曾纷纷表态，自己家的LOGO图变成了视觉中国的版权图片。视觉中国成立于1994年5月，于1997年1月在A股上市，风险信息显示，该公司存在180多条法律诉讼信息，其中大多数为该公司起诉他人侵害其作品信息网络传播权。#摄影师要求视觉中国停止侵权# （南方周末）@凤凰网财经 凤凰网财经的微博视频,2023-08-16,7,2,1,"多家公司吐槽LOGO变成视觉中国版权图,视觉中国存在180多条法律诉讼信息,摄影师要求视觉中国停止侵权",2023-08-16 11:51:00
虎嗅APP,【#印度不再从中国进口手机#：每年1.8亿支的订单没了】#业内称印度本地工人不愿意加班# 越来越多的消费者发现，他们买到的iPhone 14 系列包装盒上印着“Assembled in India”的字样。这意味着，最新款的苹果手机正在由印度生产制造。2014年的时候，中国每年向印度出口的手机数量可达到1.8亿支，但现在它已经几乎不再需要从中国进口手机整机。短期来看，印度想复制中国制造的成功不是易事。“刚开始投产的时候，印度工厂的生产效率只有中国的60%。”一位曾经为小米做海外代工的企业负责人曾对记者表示，技术工作仍需要靠中国工人手把手教会印度本地工人，而且不太愿意加班，周日需要休息，这一点和中国的工厂不太一样。#中国损失印度1.8亿支进口手机订单# （第一财经）,2023-08-16,37,7,6,"印度不再从中国进口手机,业内称印度本地工人不愿意加班,中国损失印度1.8亿支进口手机订单",2023-08-16 11:37:51
虎嗅APP,【#多所高校将延长研究生学制#】#研究生学制延长已成趋势# 目前，部分院校发布了最新的研招考试调整通知，或正式的招生简章，不少高校从2024年起，将延长研究生的学制。根据国家高等教育基本制度规定，硕士研究生教育的基本修业年限为二至三年，博士研究生教育的基本修业年限为三至四年。近年来，国内高校延长学制，尤其是专硕学制已成趋势。怎么看待大学“加时”？十年来，我国研究生招生规模扩大一倍多。教育部的数据显示，2013年我国研究生招生人数为61.14万，2022年则达到124.25万。为提高人才培养质量，部分高校在学制延长的同时，公示了新的培养方案。（央视网）@第一财经日报  第一财经日报的微博视频,2023-08-16,20,8,1,"多所高校将延长研究生学制,研究生学制延长已成趋势",2023-08-16 09:45:00
虎嗅APP,【#女子称带3娃买4张票登机被拒# 川航：乘机规定1成人可以带2名未满12岁儿童】#四川航空回应女子带3娃登机被拒# 8月12日，重庆。一网友发视频称自己带3娃出行，买了1张成人票和3张儿童票，却无法办理登机手续。最后只能又买了1张票，4个人共买5张票。对此，四川航空客服表示，目前川航的乘机规定一个年满18岁以上的成人可以带两名未满12岁的儿童。如果带3个小朋友的话，小朋友年龄满5岁但未满12岁，在这个航班有无陪配额的情况下，可以订无陪儿童票。@白鹿视频 白鹿视频的微博视频,2023-08-16,387,16,8,"女子称带3娃买4张票登机被拒,四川航空回应女子带3娃登机被拒",2023-08-16 09:00:35
新智元,8月16日，未来科学大奖正式揭晓！数学与计算机科学奖表彰创世研究ResNet，何恺明、孙剑、任少卿、张祥雨4人摘桂冠。90后首次现身！何恺明、孙剑团队斩获未来科学大奖，ResNet被引18万 ,2023-08-16,4,0,2,,2023-08-16 15:32:44
新智元,人类审核员恐将迎来大面积失业？在GPT-4公开的四个月后，OpenAI开发了一种方法，可以使用GPT-4进行内容审核了！人类几个月的工作，它几小时就能完成。GPT-4一天顶6个月，人类审核要失业？OpenAI凌晨发布重磅升级，或大量取代人类审核员 ,2023-08-16,6,2,6,,2023-08-16 14:56:41
新智元,8月，北京苹果专卖店出现了AR眼镜的身影。几天后，天津、山西、辽宁等地共68家苹果专卖店开始全线售卖这款AR眼镜。该AR眼镜就是来自AR独角兽公司Rokid今年发售的新品——Rokid Max套装。入苹果店，无疑为这家独角兽的线下渠道注入了强劲动力。无独有偶，8月，Rokid还联合了另外一个巨头——谷歌，面向全球推出了 AR版的便携式Android TV ，也是全球首款经谷歌认证的AR版便携式Android TV终端——Rokid Station（全球版），把智能电视的软硬件体验直接搬上了AR！生态与谷歌为邻，渠道以苹果为桥，这家AR独角兽的竞合之道，只能说，到位！空间计算之战开启！苹果店第一台AR眼镜，开卖了,2023-08-16,1,1,2,,2023-08-16 14:44:58
新智元,斯坦福AI智能体小镇二创来了！基于斯坦福Smallville项目，搭建出了一个真正的「西部世界」AI Town被搭建了起来。项目地址：网页链接前几天，斯坦福正式开源了爆火的25个智能体小镇，GitHub狂揽9.9k星。没想到，还没过去一周，知名风投公司便亲自下场，复刻出了一个活灵活现的西部世界！正如英伟达高级研究科学家Jim Fan所说：当一个风投公司急于组建一个团队去复制一个AI论文，并开放平台的时候，你就知道这个想法已经达到了巅峰的受欢迎程度！斯坦福小镇二创来了！8个智能体生活交友，爆火AI Town人人可搭，网友整活「猫猫小镇」｜附教程,2023-08-16,3,0,4,,2023-08-16 14:34:31
机器之心Pro,文心与飞桨，向我们展示了领先大模型的生产力。 这，就是大模型时代的生产力 ,2023-08-16,1,0,6,,2023-08-16 23:26:36
